,symbol
0,SZSE.000001
1,SZSE.000002
2,SZSE.000004
3,SZSE.000005
4,SZSE.000006
5,SZSE.000007
6,SZSE.000008
7,SZSE.000009
8,SZSE.000010
9,SZSE.000011
10,SZSE.000012
11,SZSE.000014
12,SZSE.000016
13,SZSE.000017
14,SZSE.000018
15,SZSE.000019
16,SZSE.000020
17,SZSE.000021
18,SZSE.000023
19,SZSE.000025
20,SZSE.000026
21,SZSE.000027
22,SZSE.000028
23,SZSE.000029
24,SZSE.000030
25,SZSE.000031
26,SZSE.000032
27,SZSE.000034
28,SZSE.000035
29,SZSE.000036
30,SZSE.000037
31,SZSE.000038
32,SZSE.000039
33,SZSE.000040
34,SZSE.000042
35,SZSE.000043
36,SZSE.000045
37,SZSE.000046
38,SZSE.000048
39,SZSE.000049
40,SZSE.000050
41,SZSE.000055
42,SZSE.000056
43,SZSE.000058
44,SZSE.000059
45,SZSE.000060
46,SZSE.000061
47,SZSE.000062
48,SZSE.000063
49,SZSE.000065
50,SZSE.000066
51,SZSE.000068
52,SZSE.000069
53,SZSE.000070
54,SZSE.000078
55,SZSE.000088
56,SZSE.000089
57,SZSE.000090
58,SZSE.000096
59,SZSE.000099
60,SZSE.000100
61,SZSE.000150
62,SZSE.000151
63,SZSE.000153
64,SZSE.000155
65,SZSE.000156
66,SZSE.000157
67,SZSE.000158
68,SZSE.000159
69,SZSE.000166
70,SZSE.000301
71,SZSE.000333
72,SZSE.000338
73,SZSE.000400
74,SZSE.000401
75,SZSE.000402
76,SZSE.000403
77,SZSE.000404
78,SZSE.000407
79,SZSE.000408
80,SZSE.000409
81,SZSE.000410
82,SZSE.000411
83,SZSE.000413
84,SZSE.000415
85,SZSE.000416
86,SZSE.000417
87,SZSE.000418
88,SZSE.000419
89,SZSE.000420
90,SZSE.000421
91,SZSE.000422
92,SZSE.000423
93,SZSE.000425
94,SZSE.000426
95,SZSE.000428
96,SZSE.000429
97,SZSE.000430
98,SZSE.000488
99,SZSE.000498
100,SZSE.000501
101,SZSE.000502
102,SZSE.000503
103,SZSE.000504
104,SZSE.000505
105,SZSE.000506
106,SZSE.000507
107,SZSE.000509
108,SZSE.000510
109,SZSE.000511
110,SZSE.000513
111,SZSE.000514
112,SZSE.000516
113,SZSE.000517
114,SZSE.000518
115,SZSE.000519
116,SZSE.000520
117,SZSE.000521
118,SZSE.000523
119,SZSE.000524
120,SZSE.000525
121,SZSE.000526
122,SZSE.000528
123,SZSE.000529
124,SZSE.000530
125,SZSE.000531
126,SZSE.000532
127,SZSE.000533
128,SZSE.000534
129,SZSE.000536
130,SZSE.000537
131,SZSE.000538
132,SZSE.000539
133,SZSE.000540
134,SZSE.000541
135,SZSE.000543
136,SZSE.000544
137,SZSE.000545
138,SZSE.000546
139,SZSE.000547
140,SZSE.000548
141,SZSE.000550
142,SZSE.000551
143,SZSE.000552
144,SZSE.000553
145,SZSE.000554
146,SZSE.000555
147,SZSE.000557
148,SZSE.000558
149,SZSE.000559
150,SZSE.000560
151,SZSE.000561
152,SZSE.000563
153,SZSE.000564
154,SZSE.000565
155,SZSE.000566
156,SZSE.000567
157,SZSE.000568
158,SZSE.000570
159,SZSE.000571
160,SZSE.000572
161,SZSE.000573
162,SZSE.000576
163,SZSE.000581
164,SZSE.000582
165,SZSE.000584
166,SZSE.000585
167,SZSE.000586
168,SZSE.000587
169,SZSE.000589
170,SZSE.000590
171,SZSE.000591
172,SZSE.000592
173,SZSE.000593
174,SZSE.000595
175,SZSE.000596
176,SZSE.000597
177,SZSE.000598
178,SZSE.000599
179,SZSE.000600
180,SZSE.000601
181,SZSE.000603
182,SZSE.000605
183,SZSE.000606
184,SZSE.000607
185,SZSE.000608
186,SZSE.000609
187,SZSE.000610
188,SZSE.000611
189,SZSE.000612
190,SZSE.000613
191,SZSE.000615
192,SZSE.000616
193,SZSE.000617
194,SZSE.000619
195,SZSE.000620
196,SZSE.000622
197,SZSE.000623
198,SZSE.000625
199,SZSE.000626
200,SZSE.000627
201,SZSE.000628
202,SZSE.000629
203,SZSE.000630
204,SZSE.000631
205,SZSE.000632
206,SZSE.000633
207,SZSE.000635
208,SZSE.000636
209,SZSE.000637
210,SZSE.000638
211,SZSE.000639
212,SZSE.000650
213,SZSE.000651
214,SZSE.000652
215,SZSE.000655
216,SZSE.000656
217,SZSE.000657
218,SZSE.000659
219,SZSE.000661
220,SZSE.000662
221,SZSE.000663
222,SZSE.000665
223,SZSE.000666
224,SZSE.000667
225,SZSE.000668
226,SZSE.000669
227,SZSE.000670
228,SZSE.000671
229,SZSE.000672
230,SZSE.000673
231,SZSE.000676
232,SZSE.000677
233,SZSE.000678
234,SZSE.000679
235,SZSE.000680
236,SZSE.000681
237,SZSE.000682
238,SZSE.000683
239,SZSE.000685
240,SZSE.000686
241,SZSE.000687
242,SZSE.000688
243,SZSE.000690
244,SZSE.000691
245,SZSE.000692
246,SZSE.000693
247,SZSE.000695
248,SZSE.000697
249,SZSE.000698
250,SZSE.000700
251,SZSE.000701
252,SZSE.000702
253,SZSE.000703
254,SZSE.000705
255,SZSE.000707
256,SZSE.000708
257,SZSE.000709
258,SZSE.000710
259,SZSE.000711
260,SZSE.000712
261,SZSE.000713
262,SZSE.000715
263,SZSE.000716
264,SZSE.000717
265,SZSE.000718
266,SZSE.000719
267,SZSE.000720
268,SZSE.000721
269,SZSE.000722
270,SZSE.000723
271,SZSE.000725
272,SZSE.000726
273,SZSE.000727
274,SZSE.000728
275,SZSE.000729
276,SZSE.000731
277,SZSE.000732
278,SZSE.000733
279,SZSE.000735
280,SZSE.000736
281,SZSE.000737
282,SZSE.000738
283,SZSE.000739
284,SZSE.000750
285,SZSE.000751
286,SZSE.000752
287,SZSE.000753
288,SZSE.000755
289,SZSE.000756
290,SZSE.000757
291,SZSE.000758
292,SZSE.000759
293,SZSE.000760
294,SZSE.000761
295,SZSE.000762
296,SZSE.000766
297,SZSE.000767
298,SZSE.000768
299,SZSE.000776
300,SZSE.000777
301,SZSE.000778
302,SZSE.000779
303,SZSE.000780
304,SZSE.000782
305,SZSE.000783
306,SZSE.000785
307,SZSE.000786
308,SZSE.000788
309,SZSE.000789
310,SZSE.000790
311,SZSE.000791
312,SZSE.000792
313,SZSE.000793
314,SZSE.000795
315,SZSE.000796
316,SZSE.000797
317,SZSE.000798
318,SZSE.000799
319,SZSE.000800
320,SZSE.000801
321,SZSE.000802
322,SZSE.000803
323,SZSE.000806
324,SZSE.000807
325,SZSE.000809
326,SZSE.000810
327,SZSE.000811
328,SZSE.000812
329,SZSE.000813
330,SZSE.000815
331,SZSE.000816
332,SZSE.000818
333,SZSE.000819
334,SZSE.000820
335,SZSE.000821
336,SZSE.000822
337,SZSE.000823
338,SZSE.000825
339,SZSE.000826
340,SZSE.000828
341,SZSE.000829
342,SZSE.000830
343,SZSE.000831
344,SZSE.000833
345,SZSE.000835
346,SZSE.000836
347,SZSE.000837
348,SZSE.000838
349,SZSE.000839
350,SZSE.000848
351,SZSE.000850
352,SZSE.000851
353,SZSE.000852
354,SZSE.000856
355,SZSE.000858
356,SZSE.000859
357,SZSE.000860
358,SZSE.000861
359,SZSE.000862
360,SZSE.000863
361,SZSE.000868
362,SZSE.000869
363,SZSE.000875
364,SZSE.000876
365,SZSE.000877
366,SZSE.000878
367,SZSE.000880
368,SZSE.000881
369,SZSE.000882
370,SZSE.000883
371,SZSE.000885
372,SZSE.000886
373,SZSE.000887
374,SZSE.000888
375,SZSE.000889
376,SZSE.000890
377,SZSE.000892
378,SZSE.000893
379,SZSE.000895
380,SZSE.000897
381,SZSE.000898
382,SZSE.000899
383,SZSE.000900
384,SZSE.000901
385,SZSE.000902
386,SZSE.000903
387,SZSE.000905
388,SZSE.000906
389,SZSE.000908
390,SZSE.000909
391,SZSE.000910
392,SZSE.000911
393,SZSE.000912
394,SZSE.000913
395,SZSE.000915
396,SZSE.000917
397,SZSE.000918
398,SZSE.000919
399,SZSE.000920
400,SZSE.000921
401,SZSE.000922
402,SZSE.000923
403,SZSE.000925
404,SZSE.000926
405,SZSE.000927
406,SZSE.000928
407,SZSE.000929
408,SZSE.000930
409,SZSE.000931
410,SZSE.000932
411,SZSE.000933
412,SZSE.000935
413,SZSE.000936
414,SZSE.000937
415,SZSE.000938
416,SZSE.000939
417,SZSE.000948
418,SZSE.000949
419,SZSE.000950
420,SZSE.000951
421,SZSE.000952
422,SZSE.000953
423,SZSE.000955
424,SZSE.000957
425,SZSE.000958
426,SZSE.000959
427,SZSE.000960
428,SZSE.000961
429,SZSE.000962
430,SZSE.000963
431,SZSE.000965
432,SZSE.000966
433,SZSE.000967
434,SZSE.000968
435,SZSE.000969
436,SZSE.000970
437,SZSE.000971
438,SZSE.000972
439,SZSE.000973
440,SZSE.000975
441,SZSE.000976
442,SZSE.000977
443,SZSE.000978
444,SZSE.000979
445,SZSE.000980
446,SZSE.000981
447,SZSE.000982
448,SZSE.000983
449,SZSE.000985
450,SZSE.000987
451,SZSE.000988
452,SZSE.000989
453,SZSE.000990
454,SZSE.000993
455,SZSE.000995
456,SZSE.000996
457,SZSE.000997
458,SZSE.000998
459,SZSE.000999
460,SZSE.001696
461,SZSE.001872
462,SZSE.001896
463,SZSE.001914
464,SZSE.001965
465,SZSE.001979
466,SZSE.002001
467,SZSE.002002
468,SZSE.002003
469,SZSE.002004
470,SZSE.002005
471,SZSE.002006
472,SZSE.002007
473,SZSE.002008
474,SZSE.002009
475,SZSE.002010
476,SZSE.002011
477,SZSE.002012
478,SZSE.002013
479,SZSE.002014
480,SZSE.002015
481,SZSE.002016
482,SZSE.002017
483,SZSE.002018
484,SZSE.002019
485,SZSE.002020
486,SZSE.002021
487,SZSE.002022
488,SZSE.002023
489,SZSE.002024
490,SZSE.002025
491,SZSE.002026
492,SZSE.002027
493,SZSE.002028
494,SZSE.002029
495,SZSE.002030
496,SZSE.002031
497,SZSE.002032
498,SZSE.002033
499,SZSE.002034
500,SZSE.002035
501,SZSE.002036
502,SZSE.002037
503,SZSE.002038
504,SZSE.002039
505,SZSE.002040
506,SZSE.002041
507,SZSE.002042
508,SZSE.002043
509,SZSE.002044
510,SZSE.002045
511,SZSE.002046
512,SZSE.002047
513,SZSE.002048
514,SZSE.002049
515,SZSE.002050
516,SZSE.002051
517,SZSE.002052
518,SZSE.002053
519,SZSE.002054
520,SZSE.002055
521,SZSE.002056
522,SZSE.002057
523,SZSE.002058
524,SZSE.002059
525,SZSE.002060
526,SZSE.002061
527,SZSE.002062
528,SZSE.002063
529,SZSE.002064
530,SZSE.002065
531,SZSE.002066
532,SZSE.002067
533,SZSE.002068
534,SZSE.002069
535,SZSE.002070
536,SZSE.002071
537,SZSE.002072
538,SZSE.002073
539,SZSE.002074
540,SZSE.002075
541,SZSE.002076
542,SZSE.002077
543,SZSE.002078
544,SZSE.002079
545,SZSE.002080
546,SZSE.002081
547,SZSE.002082
548,SZSE.002083
549,SZSE.002084
550,SZSE.002085
551,SZSE.002086
552,SZSE.002087
553,SZSE.002088
554,SZSE.002089
555,SZSE.002090
556,SZSE.002091
557,SZSE.002092
558,SZSE.002093
559,SZSE.002094
560,SZSE.002095
561,SZSE.002096
562,SZSE.002097
563,SZSE.002098
564,SZSE.002099
565,SZSE.002100
566,SZSE.002101
567,SZSE.002102
568,SZSE.002103
569,SZSE.002104
570,SZSE.002105
571,SZSE.002106
572,SZSE.002107
573,SZSE.002108
574,SZSE.002109
575,SZSE.002110
576,SZSE.002111
577,SZSE.002112
578,SZSE.002113
579,SZSE.002114
580,SZSE.002115
581,SZSE.002116
582,SZSE.002117
583,SZSE.002118
584,SZSE.002119
585,SZSE.002120
586,SZSE.002121
587,SZSE.002122
588,SZSE.002123
589,SZSE.002124
590,SZSE.002125
591,SZSE.002126
592,SZSE.002127
593,SZSE.002128
594,SZSE.002129
595,SZSE.002130
596,SZSE.002131
597,SZSE.002132
598,SZSE.002133
599,SZSE.002134
600,SZSE.002135
601,SZSE.002136
602,SZSE.002137
603,SZSE.002138
604,SZSE.002139
605,SZSE.002140
606,SZSE.002141
607,SZSE.002142
608,SZSE.002143
609,SZSE.002144
610,SZSE.002145
611,SZSE.002146
612,SZSE.002147
613,SZSE.002148
614,SZSE.002149
615,SZSE.002150
616,SZSE.002151
617,SZSE.002152
618,SZSE.002153
619,SZSE.002154
620,SZSE.002155
621,SZSE.002156
622,SZSE.002157
623,SZSE.002158
624,SZSE.002159
625,SZSE.002160
626,SZSE.002161
627,SZSE.002162
628,SZSE.002163
629,SZSE.002164
630,SZSE.002165
631,SZSE.002166
632,SZSE.002167
633,SZSE.002168
634,SZSE.002169
635,SZSE.002170
636,SZSE.002171
637,SZSE.002172
638,SZSE.002173
639,SZSE.002174
640,SZSE.002175
641,SZSE.002176
642,SZSE.002177
643,SZSE.002178
644,SZSE.002179
645,SZSE.002180
646,SZSE.002181
647,SZSE.002182
648,SZSE.002183
649,SZSE.002184
650,SZSE.002185
651,SZSE.002186
652,SZSE.002187
653,SZSE.002188
654,SZSE.002189
655,SZSE.002190
656,SZSE.002191
657,SZSE.002192
658,SZSE.002193
659,SZSE.002194
660,SZSE.002195
661,SZSE.002196
662,SZSE.002197
663,SZSE.002198
664,SZSE.002199
665,SZSE.002200
666,SZSE.002201
667,SZSE.002202
668,SZSE.002203
669,SZSE.002204
670,SZSE.002205
671,SZSE.002206
672,SZSE.002207
673,SZSE.002208
674,SZSE.002209
675,SZSE.002210
676,SZSE.002211
677,SZSE.002212
678,SZSE.002213
679,SZSE.002214
680,SZSE.002215
681,SZSE.002216
682,SZSE.002217
683,SZSE.002218
684,SZSE.002219
685,SZSE.002220
686,SZSE.002221
687,SZSE.002222
688,SZSE.002223
689,SZSE.002224
690,SZSE.002225
691,SZSE.002226
692,SZSE.002227
693,SZSE.002228
694,SZSE.002229
695,SZSE.002230
696,SZSE.002231
697,SZSE.002232
698,SZSE.002233
699,SZSE.002234
700,SZSE.002235
701,SZSE.002236
702,SZSE.002237
703,SZSE.002238
704,SZSE.002239
705,SZSE.002240
706,SZSE.002241
707,SZSE.002242
708,SZSE.002243
709,SZSE.002244
710,SZSE.002245
711,SZSE.002246
712,SZSE.002247
713,SZSE.002248
714,SZSE.002249
715,SZSE.002250
716,SZSE.002251
717,SZSE.002252
718,SZSE.002253
719,SZSE.002254
720,SZSE.002255
721,SZSE.002256
722,SZSE.002258
723,SZSE.002259
724,SZSE.002260
725,SZSE.002261
726,SZSE.002262
727,SZSE.002263
728,SZSE.002264
729,SZSE.002265
730,SZSE.002266
731,SZSE.002267
732,SZSE.002268
733,SZSE.002269
734,SZSE.002270
735,SZSE.002271
736,SZSE.002272
737,SZSE.002273
738,SZSE.002274
739,SZSE.002275
740,SZSE.002276
741,SZSE.002277
742,SZSE.002278
743,SZSE.002279
744,SZSE.002280
745,SZSE.002281
746,SZSE.002282
747,SZSE.002283
748,SZSE.002284
749,SZSE.002285
750,SZSE.002286
751,SZSE.002287
752,SZSE.002288
753,SZSE.002289
754,SZSE.002290
755,SZSE.002291
756,SZSE.002292
757,SZSE.002293
758,SZSE.002294
759,SZSE.002295
760,SZSE.002296
761,SZSE.002297
762,SZSE.002298
763,SZSE.002299
764,SZSE.002300
765,SZSE.002301
766,SZSE.002302
767,SZSE.002303
768,SZSE.002304
769,SZSE.002305
770,SZSE.002306
771,SZSE.002307
772,SZSE.002308
773,SZSE.002309
774,SZSE.002310
775,SZSE.002311
776,SZSE.002312
777,SZSE.002313
778,SZSE.002314
779,SZSE.002315
780,SZSE.002316
781,SZSE.002317
782,SZSE.002318
783,SZSE.002319
784,SZSE.002320
785,SZSE.002321
786,SZSE.002322
787,SZSE.002323
788,SZSE.002324
789,SZSE.002325
790,SZSE.002326
791,SZSE.002327
792,SZSE.002328
793,SZSE.002329
794,SZSE.002330
795,SZSE.002331
796,SZSE.002332
797,SZSE.002333
798,SZSE.002334
799,SZSE.002335
800,SZSE.002336
801,SZSE.002337
802,SZSE.002338
803,SZSE.002339
804,SZSE.002340
805,SZSE.002341
806,SZSE.002342
807,SZSE.002343
808,SZSE.002344
809,SZSE.002345
810,SZSE.002346
811,SZSE.002347
812,SZSE.002348
813,SZSE.002349
814,SZSE.002350
815,SZSE.002351
816,SZSE.002352
817,SZSE.002353
818,SZSE.002354
819,SZSE.002355
820,SZSE.002356
821,SZSE.002357
822,SZSE.002358
823,SZSE.002359
824,SZSE.002360
825,SZSE.002361
826,SZSE.002362
827,SZSE.002363
828,SZSE.002364
829,SZSE.002365
830,SZSE.002366
831,SZSE.002367
832,SZSE.002368
833,SZSE.002369
834,SZSE.002370
835,SZSE.002371
836,SZSE.002372
837,SZSE.002373
838,SZSE.002374
839,SZSE.002375
840,SZSE.002376
841,SZSE.002377
842,SZSE.002378
843,SZSE.002379
844,SZSE.002380
845,SZSE.002381
846,SZSE.002382
847,SZSE.002383
848,SZSE.002384
849,SZSE.002385
850,SZSE.002386
851,SZSE.002387
852,SZSE.002388
853,SZSE.002389
854,SZSE.002390
855,SZSE.002391
856,SZSE.002392
857,SZSE.002393
858,SZSE.002394
859,SZSE.002395
860,SZSE.002396
861,SZSE.002397
862,SZSE.002398
863,SZSE.002399
864,SZSE.002400
865,SZSE.002401
866,SZSE.002402
867,SZSE.002403
868,SZSE.002404
869,SZSE.002405
870,SZSE.002406
871,SZSE.002407
872,SZSE.002408
873,SZSE.002409
874,SZSE.002410
875,SZSE.002411
876,SZSE.002412
877,SZSE.002413
878,SZSE.002414
879,SZSE.002415
880,SZSE.002416
881,SZSE.002417
882,SZSE.002418
883,SZSE.002419
884,SZSE.002420
885,SZSE.002421
886,SZSE.002422
887,SZSE.002423
888,SZSE.002424
889,SZSE.002425
890,SZSE.002426
891,SZSE.002427
892,SZSE.002428
893,SZSE.002429
894,SZSE.002430
895,SZSE.002431
896,SZSE.002432
897,SZSE.002433
898,SZSE.002434
899,SZSE.002435
900,SZSE.002436
901,SZSE.002437
902,SZSE.002438
903,SZSE.002439
904,SZSE.002440
905,SZSE.002441
906,SZSE.002442
907,SZSE.002443
908,SZSE.002444
909,SZSE.002445
910,SZSE.002446
911,SZSE.002447
912,SZSE.002448
913,SZSE.002449
914,SZSE.002450
915,SZSE.002451
916,SZSE.002452
917,SZSE.002453
918,SZSE.002454
919,SZSE.002455
920,SZSE.002456
921,SZSE.002457
922,SZSE.002458
923,SZSE.002459
924,SZSE.002460
925,SZSE.002461
926,SZSE.002462
927,SZSE.002463
928,SZSE.002464
929,SZSE.002465
930,SZSE.002466
931,SZSE.002467
932,SZSE.002468
933,SZSE.002469
934,SZSE.002470
935,SZSE.002471
936,SZSE.002472
937,SZSE.002473
938,SZSE.002474
939,SZSE.002475
940,SZSE.002476
941,SZSE.002477
942,SZSE.002478
943,SZSE.002479
944,SZSE.002480
945,SZSE.002481
946,SZSE.002482
947,SZSE.002483
948,SZSE.002484
949,SZSE.002485
950,SZSE.002486
951,SZSE.002487
952,SZSE.002488
953,SZSE.002489
954,SZSE.002490
955,SZSE.002491
956,SZSE.002492
957,SZSE.002493
958,SZSE.002494
959,SZSE.002495
960,SZSE.002496
961,SZSE.002497
962,SZSE.002498
963,SZSE.002499
964,SZSE.002500
965,SZSE.002501
966,SZSE.002502
967,SZSE.002503
968,SZSE.002504
969,SZSE.002505
970,SZSE.002506
971,SZSE.002507
972,SZSE.002508
973,SZSE.002509
974,SZSE.002510
975,SZSE.002511
976,SZSE.002512
977,SZSE.002513
978,SZSE.002514
979,SZSE.002515
980,SZSE.002516
981,SZSE.002517
982,SZSE.002518
983,SZSE.002519
984,SZSE.002520
985,SZSE.002521
986,SZSE.002522
987,SZSE.002523
988,SZSE.002524
989,SZSE.002526
990,SZSE.002527
991,SZSE.002528
992,SZSE.002529
993,SZSE.002530
994,SZSE.002531
995,SZSE.002532
996,SZSE.002533
997,SZSE.002534
998,SZSE.002535
999,SZSE.002536
1000,SZSE.002537
1001,SZSE.002538
1002,SZSE.002539
1003,SZSE.002540
1004,SZSE.002541
1005,SZSE.002542
1006,SZSE.002543
1007,SZSE.002544
1008,SZSE.002545
1009,SZSE.002546
1010,SZSE.002547
1011,SZSE.002548
1012,SZSE.002549
1013,SZSE.002550
1014,SZSE.002551
1015,SZSE.002552
1016,SZSE.002553
1017,SZSE.002554
1018,SZSE.002555
1019,SZSE.002556
1020,SZSE.002557
1021,SZSE.002558
1022,SZSE.002559
1023,SZSE.002560
1024,SZSE.002561
1025,SZSE.002562
1026,SZSE.002563
1027,SZSE.002564
1028,SZSE.002565
1029,SZSE.002566
1030,SZSE.002567
1031,SZSE.002568
1032,SZSE.002569
1033,SZSE.002570
1034,SZSE.002571
1035,SZSE.002572
1036,SZSE.002573
1037,SZSE.002574
1038,SZSE.002575
1039,SZSE.002576
1040,SZSE.002577
1041,SZSE.002578
1042,SZSE.002579
1043,SZSE.002580
1044,SZSE.002581
1045,SZSE.002582
1046,SZSE.002583
1047,SZSE.002584
1048,SZSE.002585
1049,SZSE.002586
1050,SZSE.002587
1051,SZSE.002588
1052,SZSE.002589
1053,SZSE.002590
1054,SZSE.002591
1055,SZSE.002592
1056,SZSE.002593
1057,SZSE.002594
1058,SZSE.002595
1059,SZSE.002596
1060,SZSE.002597
1061,SZSE.002598
1062,SZSE.002599
1063,SZSE.002600
1064,SZSE.002601
1065,SZSE.002602
1066,SZSE.002603
1067,SZSE.002604
1068,SZSE.002605
1069,SZSE.002606
1070,SZSE.002607
1071,SZSE.002608
1072,SZSE.002609
1073,SZSE.002610
1074,SZSE.002611
1075,SZSE.002612
1076,SZSE.002613
1077,SZSE.002614
1078,SZSE.002615
1079,SZSE.002616
1080,SZSE.002617
1081,SZSE.002618
1082,SZSE.002619
1083,SZSE.002620
1084,SZSE.002621
1085,SZSE.002622
1086,SZSE.002623
1087,SZSE.002624
1088,SZSE.002625
1089,SZSE.002626
1090,SZSE.002627
1091,SZSE.002628
1092,SZSE.002629
1093,SZSE.002630
1094,SZSE.002631
1095,SZSE.002632
1096,SZSE.002633
1097,SZSE.002634
1098,SZSE.002635
1099,SZSE.002636
1100,SZSE.002637
1101,SZSE.002638
1102,SZSE.002639
1103,SZSE.002640
1104,SZSE.002641
1105,SZSE.002642
1106,SZSE.002643
1107,SZSE.002644
1108,SZSE.002645
1109,SZSE.002646
1110,SZSE.002647
1111,SZSE.002648
1112,SZSE.002649
1113,SZSE.002650
1114,SZSE.002651
1115,SZSE.002652
1116,SZSE.002653
1117,SZSE.002654
1118,SZSE.002655
1119,SZSE.002656
1120,SZSE.002657
1121,SZSE.002658
1122,SZSE.002659
1123,SZSE.002660
1124,SZSE.002661
1125,SZSE.002662
1126,SZSE.002663
1127,SZSE.002664
1128,SZSE.002665
1129,SZSE.002666
1130,SZSE.002667
1131,SZSE.002668
1132,SZSE.002669
1133,SZSE.002670
1134,SZSE.002671
1135,SZSE.002672
1136,SZSE.002673
1137,SZSE.002674
1138,SZSE.002675
1139,SZSE.002676
1140,SZSE.002677
1141,SZSE.002678
1142,SZSE.002679
1143,SZSE.002680
1144,SZSE.002681
1145,SZSE.002682
1146,SZSE.002683
1147,SZSE.002684
1148,SZSE.002685
1149,SZSE.002686
1150,SZSE.002687
1151,SZSE.002688
1152,SZSE.002689
1153,SZSE.002690
1154,SZSE.002691
1155,SZSE.002692
1156,SZSE.002693
1157,SZSE.002694
1158,SZSE.002695
1159,SZSE.002696
1160,SZSE.002697
1161,SZSE.002698
1162,SZSE.002699
1163,SZSE.002700
1164,SZSE.002701
1165,SZSE.002702
1166,SZSE.002703
1167,SZSE.002705
1168,SZSE.002706
1169,SZSE.002707
1170,SZSE.002708
1171,SZSE.002709
1172,SZSE.002711
1173,SZSE.002712
1174,SZSE.002713
1175,SZSE.002714
1176,SZSE.002715
1177,SZSE.002716
1178,SZSE.002717
1179,SZSE.002718
1180,SZSE.002719
1181,SZSE.002721
1182,SZSE.002722
1183,SZSE.002723
1184,SZSE.002724
1185,SZSE.002725
1186,SZSE.002726
1187,SZSE.002727
1188,SZSE.002728
1189,SZSE.002729
1190,SZSE.002730
1191,SZSE.002731
1192,SZSE.002732
1193,SZSE.002733
1194,SZSE.002734
1195,SZSE.002735
1196,SZSE.002736
1197,SZSE.002737
1198,SZSE.002738
1199,SZSE.002739
1200,SZSE.002740
1201,SZSE.002741
1202,SZSE.002742
1203,SZSE.002743
1204,SZSE.002745
1205,SZSE.002746
1206,SZSE.002747
1207,SZSE.002748
1208,SZSE.002749
1209,SZSE.002750
1210,SZSE.002751
1211,SZSE.002752
1212,SZSE.002753
1213,SZSE.002755
1214,SZSE.002756
1215,SZSE.002757
1216,SZSE.002758
1217,SZSE.002759
1218,SZSE.002760
1219,SZSE.002761
1220,SZSE.002762
1221,SZSE.002763
1222,SZSE.002765
1223,SZSE.002766
1224,SZSE.002767
1225,SZSE.002768
1226,SZSE.002769
1227,SZSE.002770
1228,SZSE.002771
1229,SZSE.002772
1230,SZSE.002773
1231,SZSE.002774
1232,SZSE.002775
1233,SZSE.002776
1234,SZSE.002777
1235,SZSE.002778
1236,SZSE.002779
1237,SZSE.002780
1238,SZSE.002781
1239,SZSE.002782
1240,SZSE.002783
1241,SZSE.002785
1242,SZSE.002786
1243,SZSE.002787
1244,SZSE.002788
1245,SZSE.002789
1246,SZSE.002790
1247,SZSE.002791
1248,SZSE.002792
1249,SZSE.002793
1250,SZSE.002795
1251,SZSE.002796
1252,SZSE.002797
1253,SZSE.002798
1254,SZSE.002799
1255,SZSE.002800
1256,SZSE.002801
1257,SZSE.002802
1258,SZSE.002803
1259,SZSE.002805
1260,SZSE.002806
1261,SZSE.002807
1262,SZSE.002808
1263,SZSE.002809
1264,SZSE.002810
1265,SZSE.002811
1266,SZSE.002812
1267,SZSE.002813
1268,SZSE.002815
1269,SZSE.002816
1270,SZSE.002817
1271,SZSE.002818
1272,SZSE.002819
1273,SZSE.002820
1274,SZSE.002821
1275,SZSE.002822
1276,SZSE.002823
1277,SZSE.002824
1278,SZSE.002825
1279,SZSE.002826
1280,SZSE.002827
1281,SZSE.002828
1282,SZSE.002829
1283,SZSE.002830
1284,SZSE.002831
1285,SZSE.002832
1286,SZSE.002833
1287,SZSE.002835
1288,SZSE.002836
1289,SZSE.002837
1290,SZSE.002838
1291,SZSE.002839
1292,SZSE.002840
1293,SZSE.002841
1294,SZSE.002842
1295,SZSE.002843
1296,SZSE.002845
1297,SZSE.002846
1298,SZSE.002847
1299,SZSE.002848
1300,SZSE.002849
1301,SZSE.002850
1302,SZSE.002851
1303,SZSE.002852
1304,SZSE.002853
1305,SZSE.002855
1306,SZSE.002856
1307,SZSE.002857
1308,SZSE.002858
1309,SZSE.002859
1310,SZSE.002860
1311,SZSE.002861
1312,SZSE.002862
1313,SZSE.002863
1314,SZSE.002864
1315,SZSE.002865
1316,SZSE.002866
1317,SZSE.002867
1318,SZSE.002868
1319,SZSE.002869
1320,SZSE.002870
1321,SZSE.002871
1322,SZSE.002872
1323,SZSE.002873
1324,SZSE.002875
1325,SZSE.002876
1326,SZSE.002877
1327,SZSE.002878
1328,SZSE.002879
1329,SZSE.002880
1330,SZSE.002881
1331,SZSE.002882
1332,SZSE.002883
1333,SZSE.002884
1334,SZSE.002885
1335,SZSE.002886
1336,SZSE.002887
1337,SZSE.002888
1338,SZSE.002889
1339,SZSE.002890
1340,SZSE.002891
1341,SZSE.002892
1342,SZSE.002893
1343,SZSE.002895
1344,SZSE.002896
1345,SZSE.002897
1346,SZSE.002898
1347,SZSE.002899
1348,SZSE.002900
1349,SZSE.002901
1350,SZSE.002902
1351,SZSE.002903
1352,SZSE.002905
1353,SZSE.002906
1354,SZSE.002907
1355,SZSE.002908
1356,SZSE.002909
1357,SZSE.002910
1358,SZSE.002911
1359,SZSE.002912
1360,SZSE.002913
1361,SZSE.002915
1362,SZSE.002916
1363,SZSE.002917
1364,SZSE.002918
1365,SZSE.002919
1366,SZSE.002920
1367,SZSE.002921
1368,SZSE.002922
1369,SZSE.002923
1370,SZSE.002925
1371,SZSE.002926
1372,SZSE.002927
1373,SZSE.002928
1374,SZSE.002929
1375,SZSE.002930
1376,SZSE.002931
1377,SZSE.002932
1378,SZSE.002933
1379,SZSE.002935
1380,SZSE.002936
1381,SZSE.002937
1382,SZSE.002938
1383,SZSE.002939
1384,SZSE.002940
1385,SZSE.002941
1386,SZSE.002942
1387,SZSE.002943
1388,SZSE.002945
1389,SZSE.002946
1390,SZSE.002947
1391,SZSE.002948
1392,SZSE.002949
1393,SZSE.002950
1394,SZSE.002951
1395,SZSE.002952
1396,SZSE.002953
1397,SZSE.002955
1398,SZSE.002956
1399,SZSE.002957
1400,SZSE.002958
1401,SZSE.002959
1402,SZSE.002960
1403,SZSE.002961
1404,SZSE.002962
1405,SZSE.002963
1406,SZSE.002965
1407,SZSE.002966
1408,SZSE.002967
1409,SZSE.002968
1410,SZSE.002969
1411,SZSE.002970
1412,SZSE.002971
1413,SZSE.002972
1414,SZSE.002973
1415,SZSE.002975
1416,SZSE.002976
1417,SZSE.002977
1418,SZSE.002978
1419,SZSE.002979
1420,SZSE.002980
1421,SZSE.002981
1422,SZSE.002982
1423,SZSE.002983
1424,SZSE.002984
1425,SZSE.002985
1426,SZSE.002986
1427,SZSE.002987
1428,SZSE.002988
1429,SZSE.002989
1430,SZSE.002990
1431,SZSE.002991
1432,SZSE.002992
1433,SZSE.002993
1434,SZSE.002995
1435,SZSE.002996
1436,SZSE.002997
1437,SZSE.002998
1438,SZSE.002999
1439,SZSE.003000
1440,SZSE.003001
1441,SZSE.003002
1442,SZSE.003003
1443,SZSE.003004
1444,SZSE.003005
1445,SZSE.003006
1446,SZSE.003007
1447,SZSE.003008
1448,SZSE.003009
1449,SZSE.003010
1450,SZSE.003011
1451,SZSE.003012
1452,SZSE.003013
1453,SZSE.003015
1454,SZSE.003016
1455,SZSE.003017
1456,SZSE.003018
1457,SZSE.003019
1458,SZSE.003020
1459,SZSE.003021
1460,SZSE.003022
1461,SZSE.003023
1462,SZSE.003025
1463,SZSE.003026
1464,SZSE.003027
1465,SZSE.003028
1466,SZSE.003029
1467,SZSE.003030
1468,SZSE.003031
1469,SZSE.003033
1470,SZSE.003816
1471,SZSE.200011
1472,SZSE.200012
1473,SZSE.200016
1474,SZSE.200017
1475,SZSE.200018
1476,SZSE.200019
1477,SZSE.200020
1478,SZSE.200022
1479,SZSE.200025
1480,SZSE.200026
1481,SZSE.200028
1482,SZSE.200029
1483,SZSE.200030
1484,SZSE.200037
1485,SZSE.200045
1486,SZSE.200053
1487,SZSE.200054
1488,SZSE.200055
1489,SZSE.200056
1490,SZSE.200058
1491,SZSE.200152
1492,SZSE.200160
1493,SZSE.200168
1494,SZSE.200413
1495,SZSE.200418
1496,SZSE.200429
1497,SZSE.200468
1498,SZSE.200488
1499,SZSE.200505
1500,SZSE.200512
1501,SZSE.200521
1502,SZSE.200530
1503,SZSE.200539
1504,SZSE.200541
1505,SZSE.200550
1506,SZSE.200553
1507,SZSE.200570
1508,SZSE.200581
1509,SZSE.200596
1510,SZSE.200613
1511,SZSE.200625
1512,SZSE.200706
1513,SZSE.200725
1514,SZSE.200726
1515,SZSE.200761
1516,SZSE.200771
1517,SZSE.200869
1518,SZSE.200986
1519,SZSE.200992
1520,SZSE.201872
1521,SZSE.300001
1522,SZSE.300002
1523,SZSE.300003
1524,SZSE.300004
1525,SZSE.300005
1526,SZSE.300006
1527,SZSE.300007
1528,SZSE.300008
1529,SZSE.300009
1530,SZSE.300010
1531,SZSE.300011
1532,SZSE.300012
1533,SZSE.300013
1534,SZSE.300014
1535,SZSE.300015
1536,SZSE.300016
1537,SZSE.300017
1538,SZSE.300018
1539,SZSE.300019
1540,SZSE.300020
1541,SZSE.300021
1542,SZSE.300022
1543,SZSE.300023
1544,SZSE.300024
1545,SZSE.300025
1546,SZSE.300026
1547,SZSE.300027
1548,SZSE.300028
1549,SZSE.300029
1550,SZSE.300030
1551,SZSE.300031
1552,SZSE.300032
1553,SZSE.300033
1554,SZSE.300034
1555,SZSE.300035
1556,SZSE.300036
1557,SZSE.300037
1558,SZSE.300038
1559,SZSE.300039
1560,SZSE.300040
1561,SZSE.300041
1562,SZSE.300042
1563,SZSE.300043
1564,SZSE.300044
1565,SZSE.300045
1566,SZSE.300046
1567,SZSE.300047
1568,SZSE.300048
1569,SZSE.300049
1570,SZSE.300050
1571,SZSE.300051
1572,SZSE.300052
1573,SZSE.300053
1574,SZSE.300054
1575,SZSE.300055
1576,SZSE.300056
1577,SZSE.300057
1578,SZSE.300058
1579,SZSE.300059
1580,SZSE.300061
1581,SZSE.300062
1582,SZSE.300063
1583,SZSE.300064
1584,SZSE.300065
1585,SZSE.300066
1586,SZSE.300067
1587,SZSE.300068
1588,SZSE.300069
1589,SZSE.300070
1590,SZSE.300071
1591,SZSE.300072
1592,SZSE.300073
1593,SZSE.300074
1594,SZSE.300075
1595,SZSE.300076
1596,SZSE.300077
1597,SZSE.300078
1598,SZSE.300079
1599,SZSE.300080
1600,SZSE.300081
1601,SZSE.300082
1602,SZSE.300083
1603,SZSE.300084
1604,SZSE.300085
1605,SZSE.300086
1606,SZSE.300087
1607,SZSE.300088
1608,SZSE.300089
1609,SZSE.300090
1610,SZSE.300091
1611,SZSE.300092
1612,SZSE.300093
1613,SZSE.300094
1614,SZSE.300095
1615,SZSE.300096
1616,SZSE.300097
1617,SZSE.300098
1618,SZSE.300099
1619,SZSE.300100
1620,SZSE.300101
1621,SZSE.300102
1622,SZSE.300103
1623,SZSE.300104
1624,SZSE.300105
1625,SZSE.300106
1626,SZSE.300107
1627,SZSE.300108
1628,SZSE.300109
1629,SZSE.300110
1630,SZSE.300111
1631,SZSE.300112
1632,SZSE.300113
1633,SZSE.300114
1634,SZSE.300115
1635,SZSE.300116
1636,SZSE.300117
1637,SZSE.300118
1638,SZSE.300119
1639,SZSE.300120
1640,SZSE.300121
1641,SZSE.300122
1642,SZSE.300123
1643,SZSE.300124
1644,SZSE.300125
1645,SZSE.300126
1646,SZSE.300127
1647,SZSE.300128
1648,SZSE.300129
1649,SZSE.300130
1650,SZSE.300131
1651,SZSE.300132
1652,SZSE.300133
1653,SZSE.300134
1654,SZSE.300135
1655,SZSE.300136
1656,SZSE.300137
1657,SZSE.300138
1658,SZSE.300139
1659,SZSE.300140
1660,SZSE.300141
1661,SZSE.300142
1662,SZSE.300143
1663,SZSE.300144
1664,SZSE.300145
1665,SZSE.300146
1666,SZSE.300147
1667,SZSE.300148
1668,SZSE.300149
1669,SZSE.300150
1670,SZSE.300151
1671,SZSE.300152
1672,SZSE.300153
1673,SZSE.300154
1674,SZSE.300155
1675,SZSE.300156
1676,SZSE.300157
1677,SZSE.300158
1678,SZSE.300159
1679,SZSE.300160
1680,SZSE.300161
1681,SZSE.300162
1682,SZSE.300163
1683,SZSE.300164
1684,SZSE.300165
1685,SZSE.300166
1686,SZSE.300167
1687,SZSE.300168
1688,SZSE.300169
1689,SZSE.300170
1690,SZSE.300171
1691,SZSE.300172
1692,SZSE.300173
1693,SZSE.300174
1694,SZSE.300175
1695,SZSE.300176
1696,SZSE.300177
1697,SZSE.300178
1698,SZSE.300179
1699,SZSE.300180
1700,SZSE.300181
1701,SZSE.300182
1702,SZSE.300183
1703,SZSE.300184
1704,SZSE.300185
1705,SZSE.300187
1706,SZSE.300188
1707,SZSE.300189
1708,SZSE.300190
1709,SZSE.300191
1710,SZSE.300192
1711,SZSE.300193
1712,SZSE.300194
1713,SZSE.300195
1714,SZSE.300196
1715,SZSE.300197
1716,SZSE.300198
1717,SZSE.300199
1718,SZSE.300200
1719,SZSE.300201
1720,SZSE.300202
1721,SZSE.300203
1722,SZSE.300204
1723,SZSE.300205
1724,SZSE.300206
1725,SZSE.300207
1726,SZSE.300208
1727,SZSE.300209
1728,SZSE.300210
1729,SZSE.300211
1730,SZSE.300212
1731,SZSE.300213
1732,SZSE.300214
1733,SZSE.300215
1734,SZSE.300216
1735,SZSE.300217
1736,SZSE.300218
1737,SZSE.300219
1738,SZSE.300220
1739,SZSE.300221
1740,SZSE.300222
1741,SZSE.300223
1742,SZSE.300224
1743,SZSE.300225
1744,SZSE.300226
1745,SZSE.300227
1746,SZSE.300228
1747,SZSE.300229
1748,SZSE.300230
1749,SZSE.300231
1750,SZSE.300232
1751,SZSE.300233
1752,SZSE.300234
1753,SZSE.300235
1754,SZSE.300236
1755,SZSE.300237
1756,SZSE.300238
1757,SZSE.300239
1758,SZSE.300240
1759,SZSE.300241
1760,SZSE.300242
1761,SZSE.300243
1762,SZSE.300244
1763,SZSE.300245
1764,SZSE.300246
1765,SZSE.300247
1766,SZSE.300248
1767,SZSE.300249
1768,SZSE.300250
1769,SZSE.300251
1770,SZSE.300252
1771,SZSE.300253
1772,SZSE.300254
1773,SZSE.300255
1774,SZSE.300256
1775,SZSE.300257
1776,SZSE.300258
1777,SZSE.300259
1778,SZSE.300260
1779,SZSE.300261
1780,SZSE.300262
1781,SZSE.300263
1782,SZSE.300264
1783,SZSE.300265
1784,SZSE.300266
1785,SZSE.300267
1786,SZSE.300268
1787,SZSE.300269
1788,SZSE.300270
1789,SZSE.300271
1790,SZSE.300272
1791,SZSE.300273
1792,SZSE.300274
1793,SZSE.300275
1794,SZSE.300276
1795,SZSE.300277
1796,SZSE.300278
1797,SZSE.300279
1798,SZSE.300280
1799,SZSE.300281
1800,SZSE.300282
1801,SZSE.300283
1802,SZSE.300284
1803,SZSE.300285
1804,SZSE.300286
1805,SZSE.300287
1806,SZSE.300288
1807,SZSE.300289
1808,SZSE.300290
1809,SZSE.300291
1810,SZSE.300292
1811,SZSE.300293
1812,SZSE.300294
1813,SZSE.300295
1814,SZSE.300296
1815,SZSE.300297
1816,SZSE.300298
1817,SZSE.300299
1818,SZSE.300300
1819,SZSE.300301
1820,SZSE.300302
1821,SZSE.300303
1822,SZSE.300304
1823,SZSE.300305
1824,SZSE.300306
1825,SZSE.300307
1826,SZSE.300308
1827,SZSE.300309
1828,SZSE.300310
1829,SZSE.300311
1830,SZSE.300312
1831,SZSE.300313
1832,SZSE.300314
1833,SZSE.300315
1834,SZSE.300316
1835,SZSE.300317
1836,SZSE.300318
1837,SZSE.300319
1838,SZSE.300320
1839,SZSE.300321
1840,SZSE.300322
1841,SZSE.300323
1842,SZSE.300324
1843,SZSE.300325
1844,SZSE.300326
1845,SZSE.300327
1846,SZSE.300328
1847,SZSE.300329
1848,SZSE.300330
1849,SZSE.300331
1850,SZSE.300332
1851,SZSE.300333
1852,SZSE.300334
1853,SZSE.300335
1854,SZSE.300336
1855,SZSE.300337
1856,SZSE.300338
1857,SZSE.300339
1858,SZSE.300340
1859,SZSE.300341
1860,SZSE.300342
1861,SZSE.300343
1862,SZSE.300344
1863,SZSE.300345
1864,SZSE.300346
1865,SZSE.300347
1866,SZSE.300348
1867,SZSE.300349
1868,SZSE.300350
1869,SZSE.300351
1870,SZSE.300352
1871,SZSE.300353
1872,SZSE.300354
1873,SZSE.300355
1874,SZSE.300356
1875,SZSE.300357
1876,SZSE.300358
1877,SZSE.300359
1878,SZSE.300360
1879,SZSE.300362
1880,SZSE.300363
1881,SZSE.300364
1882,SZSE.300365
1883,SZSE.300366
1884,SZSE.300367
1885,SZSE.300368
1886,SZSE.300369
1887,SZSE.300370
1888,SZSE.300371
1889,SZSE.300373
1890,SZSE.300374
1891,SZSE.300375
1892,SZSE.300376
1893,SZSE.300377
1894,SZSE.300378
1895,SZSE.300379
1896,SZSE.300380
1897,SZSE.300381
1898,SZSE.300382
1899,SZSE.300383
1900,SZSE.300384
1901,SZSE.300385
1902,SZSE.300386
1903,SZSE.300387
1904,SZSE.300388
1905,SZSE.300389
1906,SZSE.300390
1907,SZSE.300391
1908,SZSE.300392
1909,SZSE.300393
1910,SZSE.300394
1911,SZSE.300395
1912,SZSE.300396
1913,SZSE.300397
1914,SZSE.300398
1915,SZSE.300399
1916,SZSE.300400
1917,SZSE.300401
1918,SZSE.300402
1919,SZSE.300403
1920,SZSE.300404
1921,SZSE.300405
1922,SZSE.300406
1923,SZSE.300407
1924,SZSE.300408
1925,SZSE.300409
1926,SZSE.300410
1927,SZSE.300411
1928,SZSE.300412
1929,SZSE.300413
1930,SZSE.300414
1931,SZSE.300415
1932,SZSE.300416
1933,SZSE.300417
1934,SZSE.300418
1935,SZSE.300419
1936,SZSE.300420
1937,SZSE.300421
1938,SZSE.300422
1939,SZSE.300423
1940,SZSE.300424
1941,SZSE.300425
1942,SZSE.300426
1943,SZSE.300427
1944,SZSE.300428
1945,SZSE.300429
1946,SZSE.300430
1947,SZSE.300431
1948,SZSE.300432
1949,SZSE.300433
1950,SZSE.300434
1951,SZSE.300435
1952,SZSE.300436
1953,SZSE.300437
1954,SZSE.300438
1955,SZSE.300439
1956,SZSE.300440
1957,SZSE.300441
1958,SZSE.300442
1959,SZSE.300443
1960,SZSE.300444
1961,SZSE.300445
1962,SZSE.300446
1963,SZSE.300447
1964,SZSE.300448
1965,SZSE.300449
1966,SZSE.300450
1967,SZSE.300451
1968,SZSE.300452
1969,SZSE.300453
1970,SZSE.300454
1971,SZSE.300455
1972,SZSE.300456
1973,SZSE.300457
1974,SZSE.300458
1975,SZSE.300459
1976,SZSE.300460
1977,SZSE.300461
1978,SZSE.300462
1979,SZSE.300463
1980,SZSE.300464
1981,SZSE.300465
1982,SZSE.300466
1983,SZSE.300467
1984,SZSE.300468
1985,SZSE.300469
1986,SZSE.300470
1987,SZSE.300471
1988,SZSE.300472
1989,SZSE.300473
1990,SZSE.300474
1991,SZSE.300475
1992,SZSE.300476
1993,SZSE.300477
1994,SZSE.300478
1995,SZSE.300479
1996,SZSE.300480
1997,SZSE.300481
1998,SZSE.300482
1999,SZSE.300483
2000,SZSE.300484
2001,SZSE.300485
2002,SZSE.300486
2003,SZSE.300487
2004,SZSE.300488
2005,SZSE.300489
2006,SZSE.300490
2007,SZSE.300491
2008,SZSE.300492
2009,SZSE.300493
2010,SZSE.300494
2011,SZSE.300495
2012,SZSE.300496
2013,SZSE.300497
2014,SZSE.300498
2015,SZSE.300499
2016,SZSE.300500
2017,SZSE.300501
2018,SZSE.300502
2019,SZSE.300503
2020,SZSE.300504
2021,SZSE.300505
2022,SZSE.300506
2023,SZSE.300507
2024,SZSE.300508
2025,SZSE.300509
2026,SZSE.300510
2027,SZSE.300511
2028,SZSE.300512
2029,SZSE.300513
2030,SZSE.300514
2031,SZSE.300515
2032,SZSE.300516
2033,SZSE.300517
2034,SZSE.300518
2035,SZSE.300519
2036,SZSE.300520
2037,SZSE.300521
2038,SZSE.300522
2039,SZSE.300523
2040,SZSE.300525
2041,SZSE.300526
2042,SZSE.300527
2043,SZSE.300528
2044,SZSE.300529
2045,SZSE.300530
2046,SZSE.300531
2047,SZSE.300532
2048,SZSE.300533
2049,SZSE.300534
2050,SZSE.300535
2051,SZSE.300536
2052,SZSE.300537
2053,SZSE.300538
2054,SZSE.300539
2055,SZSE.300540
2056,SZSE.300541
2057,SZSE.300542
2058,SZSE.300543
2059,SZSE.300545
2060,SZSE.300546
2061,SZSE.300547
2062,SZSE.300548
2063,SZSE.300549
2064,SZSE.300550
2065,SZSE.300551
2066,SZSE.300552
2067,SZSE.300553
2068,SZSE.300554
2069,SZSE.300555
2070,SZSE.300556
2071,SZSE.300557
2072,SZSE.300558
2073,SZSE.300559
2074,SZSE.300560
2075,SZSE.300561
2076,SZSE.300562
2077,SZSE.300563
2078,SZSE.300564
2079,SZSE.300565
2080,SZSE.300566
2081,SZSE.300567
2082,SZSE.300568
2083,SZSE.300569
2084,SZSE.300570
2085,SZSE.300571
2086,SZSE.300572
2087,SZSE.300573
2088,SZSE.300575
2089,SZSE.300576
2090,SZSE.300577
2091,SZSE.300578
2092,SZSE.300579
2093,SZSE.300580
2094,SZSE.300581
2095,SZSE.300582
2096,SZSE.300583
2097,SZSE.300584
2098,SZSE.300585
2099,SZSE.300586
2100,SZSE.300587
2101,SZSE.300588
2102,SZSE.300589
2103,SZSE.300590
2104,SZSE.300591
2105,SZSE.300592
2106,SZSE.300593
2107,SZSE.300594
2108,SZSE.300595
2109,SZSE.300596
2110,SZSE.300597
2111,SZSE.300598
2112,SZSE.300599
2113,SZSE.300600
2114,SZSE.300601
2115,SZSE.300602
2116,SZSE.300603
2117,SZSE.300604
2118,SZSE.300605
2119,SZSE.300606
2120,SZSE.300607
2121,SZSE.300608
2122,SZSE.300609
2123,SZSE.300610
2124,SZSE.300611
2125,SZSE.300612
2126,SZSE.300613
2127,SZSE.300615
2128,SZSE.300616
2129,SZSE.300617
2130,SZSE.300618
2131,SZSE.300619
2132,SZSE.300620
2133,SZSE.300621
2134,SZSE.300622
2135,SZSE.300623
2136,SZSE.300624
2137,SZSE.300625
2138,SZSE.300626
2139,SZSE.300627
2140,SZSE.300628
2141,SZSE.300629
2142,SZSE.300630
2143,SZSE.300631
2144,SZSE.300632
2145,SZSE.300633
2146,SZSE.300634
2147,SZSE.300635
2148,SZSE.300636
2149,SZSE.300637
2150,SZSE.300638
2151,SZSE.300639
2152,SZSE.300640
2153,SZSE.300641
2154,SZSE.300642
2155,SZSE.300643
2156,SZSE.300644
2157,SZSE.300645
2158,SZSE.300647
2159,SZSE.300648
2160,SZSE.300649
2161,SZSE.300650
2162,SZSE.300651
2163,SZSE.300652
2164,SZSE.300653
2165,SZSE.300654
2166,SZSE.300655
2167,SZSE.300656
2168,SZSE.300657
2169,SZSE.300658
2170,SZSE.300659
2171,SZSE.300660
2172,SZSE.300661
2173,SZSE.300662
2174,SZSE.300663
2175,SZSE.300664
2176,SZSE.300665
2177,SZSE.300666
2178,SZSE.300667
2179,SZSE.300668
2180,SZSE.300669
2181,SZSE.300670
2182,SZSE.300671
2183,SZSE.300672
2184,SZSE.300673
2185,SZSE.300674
2186,SZSE.300675
2187,SZSE.300676
2188,SZSE.300677
2189,SZSE.300678
2190,SZSE.300679
2191,SZSE.300680
2192,SZSE.300681
2193,SZSE.300682
2194,SZSE.300683
2195,SZSE.300684
2196,SZSE.300685
2197,SZSE.300686
2198,SZSE.300687
2199,SZSE.300688
2200,SZSE.300689
2201,SZSE.300690
2202,SZSE.300691
2203,SZSE.300692
2204,SZSE.300693
2205,SZSE.300694
2206,SZSE.300695
2207,SZSE.300696
2208,SZSE.300697
2209,SZSE.300698
2210,SZSE.300699
2211,SZSE.300700
2212,SZSE.300701
2213,SZSE.300702
2214,SZSE.300703
2215,SZSE.300705
2216,SZSE.300706
2217,SZSE.300707
2218,SZSE.300708
2219,SZSE.300709
2220,SZSE.300710
2221,SZSE.300711
2222,SZSE.300712
2223,SZSE.300713
2224,SZSE.300715
2225,SZSE.300716
2226,SZSE.300717
2227,SZSE.300718
2228,SZSE.300719
2229,SZSE.300720
2230,SZSE.300721
2231,SZSE.300722
2232,SZSE.300723
2233,SZSE.300724
2234,SZSE.300725
2235,SZSE.300726
2236,SZSE.300727
2237,SZSE.300729
2238,SZSE.300730
2239,SZSE.300731
2240,SZSE.300732
2241,SZSE.300733
2242,SZSE.300735
2243,SZSE.300736
2244,SZSE.300737
2245,SZSE.300738
2246,SZSE.300739
2247,SZSE.300740
2248,SZSE.300741
2249,SZSE.300742
2250,SZSE.300743
2251,SZSE.300745
2252,SZSE.300746
2253,SZSE.300747
2254,SZSE.300748
2255,SZSE.300749
2256,SZSE.300750
2257,SZSE.300751
2258,SZSE.300752
2259,SZSE.300753
2260,SZSE.300755
2261,SZSE.300756
2262,SZSE.300757
2263,SZSE.300758
2264,SZSE.300759
2265,SZSE.300760
2266,SZSE.300761
2267,SZSE.300762
2268,SZSE.300763
2269,SZSE.300765
2270,SZSE.300766
2271,SZSE.300767
2272,SZSE.300768
2273,SZSE.300769
2274,SZSE.300770
2275,SZSE.300771
2276,SZSE.300772
2277,SZSE.300773
2278,SZSE.300775
2279,SZSE.300776
2280,SZSE.300777
2281,SZSE.300778
2282,SZSE.300779
2283,SZSE.300780
2284,SZSE.300781
2285,SZSE.300782
2286,SZSE.300783
2287,SZSE.300785
2288,SZSE.300786
2289,SZSE.300787
2290,SZSE.300788
2291,SZSE.300789
2292,SZSE.300790
2293,SZSE.300791
2294,SZSE.300792
2295,SZSE.300793
2296,SZSE.300795
2297,SZSE.300796
2298,SZSE.300797
2299,SZSE.300798
2300,SZSE.300799
2301,SZSE.300800
2302,SZSE.300801
2303,SZSE.300802
2304,SZSE.300803
2305,SZSE.300805
2306,SZSE.300806
2307,SZSE.300807
2308,SZSE.300808
2309,SZSE.300809
2310,SZSE.300810
2311,SZSE.300811
2312,SZSE.300812
2313,SZSE.300813
2314,SZSE.300815
2315,SZSE.300816
2316,SZSE.300817
2317,SZSE.300818
2318,SZSE.300819
2319,SZSE.300820
2320,SZSE.300821
2321,SZSE.300822
2322,SZSE.300823
2323,SZSE.300824
2324,SZSE.300825
2325,SZSE.300826
2326,SZSE.300827
2327,SZSE.300828
2328,SZSE.300829
2329,SZSE.300830
2330,SZSE.300831
2331,SZSE.300832
2332,SZSE.300833
2333,SZSE.300835
2334,SZSE.300836
2335,SZSE.300837
2336,SZSE.300838
2337,SZSE.300839
2338,SZSE.300840
2339,SZSE.300841
2340,SZSE.300842
2341,SZSE.300843
2342,SZSE.300845
2343,SZSE.300846
2344,SZSE.300847
2345,SZSE.300848
2346,SZSE.300849
2347,SZSE.300850
2348,SZSE.300851
2349,SZSE.300852
2350,SZSE.300853
2351,SZSE.300855
2352,SZSE.300856
2353,SZSE.300857
2354,SZSE.300858
2355,SZSE.300859
2356,SZSE.300860
2357,SZSE.300861
2358,SZSE.300862
2359,SZSE.300863
2360,SZSE.300864
2361,SZSE.300865
2362,SZSE.300866
2363,SZSE.300867
2364,SZSE.300868
2365,SZSE.300869
2366,SZSE.300870
2367,SZSE.300871
2368,SZSE.300872
2369,SZSE.300873
2370,SZSE.300875
2371,SZSE.300876
2372,SZSE.300877
2373,SZSE.300878
2374,SZSE.300879
2375,SZSE.300880
2376,SZSE.300881
2377,SZSE.300882
2378,SZSE.300883
2379,SZSE.300884
2380,SZSE.300885
2381,SZSE.300886
2382,SZSE.300887
2383,SZSE.300888
2384,SZSE.300889
2385,SZSE.300890
2386,SZSE.300891
2387,SZSE.300892
2388,SZSE.300893
2389,SZSE.300894
2390,SZSE.300895
2391,SZSE.300896
2392,SZSE.300897
2393,SZSE.300898
2394,SZSE.300899
2395,SZSE.300900
2396,SZSE.300901
2397,SZSE.300902
2398,SZSE.300903
2399,SZSE.300905
2400,SZSE.300906
2401,SZSE.300907
2402,SZSE.300908
2403,SZSE.300909
2404,SZSE.300910
2405,SZSE.300911
2406,SZSE.300912
2407,SZSE.300913
2408,SZSE.300915
2409,SZSE.300916
2410,SZSE.300917
2411,SZSE.300918
2412,SZSE.300919
2413,SZSE.300920
2414,SZSE.300921
2415,SZSE.300922
2416,SZSE.300923
2417,SZSE.300925
2418,SZSE.300926
2419,SZSE.300927
2420,SZSE.300928
2421,SZSE.300999
2422,SHSE.600000
2423,SHSE.600004
2424,SHSE.600006
2425,SHSE.600007
2426,SHSE.600008
2427,SHSE.600009
2428,SHSE.600010
2429,SHSE.600011
2430,SHSE.600012
2431,SHSE.600015
2432,SHSE.600016
2433,SHSE.600017
2434,SHSE.600018
2435,SHSE.600019
2436,SHSE.600020
2437,SHSE.600021
2438,SHSE.600022
2439,SHSE.600023
2440,SHSE.600025
2441,SHSE.600026
2442,SHSE.600027
2443,SHSE.600028
2444,SHSE.600029
2445,SHSE.600030
2446,SHSE.600031
2447,SHSE.600033
2448,SHSE.600035
2449,SHSE.600036
2450,SHSE.600037
2451,SHSE.600038
2452,SHSE.600039
2453,SHSE.600048
2454,SHSE.600050
2455,SHSE.600051
2456,SHSE.600052
2457,SHSE.600053
2458,SHSE.600054
2459,SHSE.600055
2460,SHSE.600056
2461,SHSE.600057
2462,SHSE.600058
2463,SHSE.600059
2464,SHSE.600060
2465,SHSE.600061
2466,SHSE.600062
2467,SHSE.600063
2468,SHSE.600064
2469,SHSE.600066
2470,SHSE.600067
2471,SHSE.600068
2472,SHSE.600069
2473,SHSE.600070
2474,SHSE.600071
2475,SHSE.600072
2476,SHSE.600073
2477,SHSE.600074
2478,SHSE.600075
2479,SHSE.600076
2480,SHSE.600077
2481,SHSE.600078
2482,SHSE.600079
2483,SHSE.600080
2484,SHSE.600081
2485,SHSE.600082
2486,SHSE.600083
2487,SHSE.600084
2488,SHSE.600085
2489,SHSE.600086
2490,SHSE.600088
2491,SHSE.600089
2492,SHSE.600090
2493,SHSE.600091
2494,SHSE.600093
2495,SHSE.600094
2496,SHSE.600095
2497,SHSE.600096
2498,SHSE.600097
2499,SHSE.600098
2500,SHSE.600099
2501,SHSE.600100
2502,SHSE.600101
2503,SHSE.600103
2504,SHSE.600104
2505,SHSE.600105
2506,SHSE.600106
2507,SHSE.600107
2508,SHSE.600108
2509,SHSE.600109
2510,SHSE.600110
2511,SHSE.600111
2512,SHSE.600112
2513,SHSE.600113
2514,SHSE.600114
2515,SHSE.600115
2516,SHSE.600116
2517,SHSE.600117
2518,SHSE.600118
2519,SHSE.600119
2520,SHSE.600120
2521,SHSE.600121
2522,SHSE.600122
2523,SHSE.600123
2524,SHSE.600125
2525,SHSE.600126
2526,SHSE.600127
2527,SHSE.600128
2528,SHSE.600129
2529,SHSE.600130
2530,SHSE.600131
2531,SHSE.600132
2532,SHSE.600133
2533,SHSE.600135
2534,SHSE.600136
2535,SHSE.600137
2536,SHSE.600138
2537,SHSE.600139
2538,SHSE.600141
2539,SHSE.600143
2540,SHSE.600145
2541,SHSE.600146
2542,SHSE.600148
2543,SHSE.600149
2544,SHSE.600150
2545,SHSE.600151
2546,SHSE.600152
2547,SHSE.600153
2548,SHSE.600155
2549,SHSE.600156
2550,SHSE.600157
2551,SHSE.600158
2552,SHSE.600159
2553,SHSE.600160
2554,SHSE.600161
2555,SHSE.600162
2556,SHSE.600163
2557,SHSE.600165
2558,SHSE.600166
2559,SHSE.600167
2560,SHSE.600168
2561,SHSE.600169
2562,SHSE.600170
2563,SHSE.600171
2564,SHSE.600172
2565,SHSE.600173
2566,SHSE.600175
2567,SHSE.600176
2568,SHSE.600177
2569,SHSE.600178
2570,SHSE.600179
2571,SHSE.600180
2572,SHSE.600182
2573,SHSE.600183
2574,SHSE.600184
2575,SHSE.600185
2576,SHSE.600186
2577,SHSE.600187
2578,SHSE.600188
2579,SHSE.600189
2580,SHSE.600190
2581,SHSE.600191
2582,SHSE.600192
2583,SHSE.600193
2584,SHSE.600195
2585,SHSE.600196
2586,SHSE.600197
2587,SHSE.600198
2588,SHSE.600199
2589,SHSE.600200
2590,SHSE.600201
2591,SHSE.600202
2592,SHSE.600203
2593,SHSE.600206
2594,SHSE.600207
2595,SHSE.600208
2596,SHSE.600209
2597,SHSE.600210
2598,SHSE.600211
2599,SHSE.600212
2600,SHSE.600213
2601,SHSE.600215
2602,SHSE.600216
2603,SHSE.600217
2604,SHSE.600218
2605,SHSE.600219
2606,SHSE.600220
2607,SHSE.600221
2608,SHSE.600222
2609,SHSE.600223
2610,SHSE.600225
2611,SHSE.600226
2612,SHSE.600227
2613,SHSE.600228
2614,SHSE.600229
2615,SHSE.600230
2616,SHSE.600231
2617,SHSE.600232
2618,SHSE.600233
2619,SHSE.600234
2620,SHSE.600235
2621,SHSE.600236
2622,SHSE.600237
2623,SHSE.600238
2624,SHSE.600239
2625,SHSE.600240
2626,SHSE.600241
2627,SHSE.600242
2628,SHSE.600243
2629,SHSE.600246
2630,SHSE.600247
2631,SHSE.600248
2632,SHSE.600249
2633,SHSE.600250
2634,SHSE.600251
2635,SHSE.600252
2636,SHSE.600255
2637,SHSE.600256
2638,SHSE.600257
2639,SHSE.600258
2640,SHSE.600259
2641,SHSE.600260
2642,SHSE.600261
2643,SHSE.600262
2644,SHSE.600265
2645,SHSE.600266
2646,SHSE.600267
2647,SHSE.600268
2648,SHSE.600269
2649,SHSE.600270
2650,SHSE.600271
2651,SHSE.600272
2652,SHSE.600273
2653,SHSE.600275
2654,SHSE.600276
2655,SHSE.600277
2656,SHSE.600278
2657,SHSE.600279
2658,SHSE.600280
2659,SHSE.600281
2660,SHSE.600282
2661,SHSE.600283
2662,SHSE.600284
2663,SHSE.600285
2664,SHSE.600287
2665,SHSE.600288
2666,SHSE.600289
2667,SHSE.600290
2668,SHSE.600291
2669,SHSE.600292
2670,SHSE.600293
2671,SHSE.600295
2672,SHSE.600297
2673,SHSE.600298
2674,SHSE.600299
2675,SHSE.600300
2676,SHSE.600301
2677,SHSE.600302
2678,SHSE.600303
2679,SHSE.600305
2680,SHSE.600306
2681,SHSE.600307
2682,SHSE.600308
2683,SHSE.600309
2684,SHSE.600310
2685,SHSE.600311
2686,SHSE.600312
2687,SHSE.600313
2688,SHSE.600315
2689,SHSE.600316
2690,SHSE.600317
2691,SHSE.600318
2692,SHSE.600319
2693,SHSE.600320
2694,SHSE.600321
2695,SHSE.600322
2696,SHSE.600323
2697,SHSE.600325
2698,SHSE.600326
2699,SHSE.600327
2700,SHSE.600328
2701,SHSE.600329
2702,SHSE.600330
2703,SHSE.600331
2704,SHSE.600332
2705,SHSE.600333
2706,SHSE.600335
2707,SHSE.600336
2708,SHSE.600337
2709,SHSE.600338
2710,SHSE.600339
2711,SHSE.600340
2712,SHSE.600343
2713,SHSE.600345
2714,SHSE.600346
2715,SHSE.600348
2716,SHSE.600350
2717,SHSE.600351
2718,SHSE.600352
2719,SHSE.600353
2720,SHSE.600354
2721,SHSE.600355
2722,SHSE.600356
2723,SHSE.600358
2724,SHSE.600359
2725,SHSE.600360
2726,SHSE.600361
2727,SHSE.600362
2728,SHSE.600363
2729,SHSE.600365
2730,SHSE.600366
2731,SHSE.600367
2732,SHSE.600368
2733,SHSE.600369
2734,SHSE.600370
2735,SHSE.600371
2736,SHSE.600372
2737,SHSE.600373
2738,SHSE.600375
2739,SHSE.600376
2740,SHSE.600377
2741,SHSE.600378
2742,SHSE.600379
2743,SHSE.600380
2744,SHSE.600381
2745,SHSE.600382
2746,SHSE.600383
2747,SHSE.600385
2748,SHSE.600386
2749,SHSE.600387
2750,SHSE.600388
2751,SHSE.600389
2752,SHSE.600390
2753,SHSE.600391
2754,SHSE.600392
2755,SHSE.600393
2756,SHSE.600395
2757,SHSE.600396
2758,SHSE.600397
2759,SHSE.600398
2760,SHSE.600399
2761,SHSE.600400
2762,SHSE.600401
2763,SHSE.600403
2764,SHSE.600405
2765,SHSE.600406
2766,SHSE.600408
2767,SHSE.600409
2768,SHSE.600410
2769,SHSE.600415
2770,SHSE.600416
2771,SHSE.600418
2772,SHSE.600419
2773,SHSE.600420
2774,SHSE.600421
2775,SHSE.600422
2776,SHSE.600423
2777,SHSE.600425
2778,SHSE.600426
2779,SHSE.600428
2780,SHSE.600429
2781,SHSE.600432
2782,SHSE.600433
2783,SHSE.600435
2784,SHSE.600436
2785,SHSE.600438
2786,SHSE.600439
2787,SHSE.600444
2788,SHSE.600446
2789,SHSE.600448
2790,SHSE.600449
2791,SHSE.600452
2792,SHSE.600455
2793,SHSE.600456
2794,SHSE.600458
2795,SHSE.600459
2796,SHSE.600460
2797,SHSE.600461
2798,SHSE.600462
2799,SHSE.600463
2800,SHSE.600466
2801,SHSE.600467
2802,SHSE.600468
2803,SHSE.600469
2804,SHSE.600470
2805,SHSE.600475
2806,SHSE.600476
2807,SHSE.600477
2808,SHSE.600478
2809,SHSE.600479
2810,SHSE.600480
2811,SHSE.600481
2812,SHSE.600482
2813,SHSE.600483
2814,SHSE.600485
2815,SHSE.600486
2816,SHSE.600487
2817,SHSE.600488
2818,SHSE.600489
2819,SHSE.600490
2820,SHSE.600491
2821,SHSE.600493
2822,SHSE.600495
2823,SHSE.600496
2824,SHSE.600497
2825,SHSE.600498
2826,SHSE.600499
2827,SHSE.600500
2828,SHSE.600501
2829,SHSE.600502
2830,SHSE.600503
2831,SHSE.600505
2832,SHSE.600506
2833,SHSE.600507
2834,SHSE.600508
2835,SHSE.600509
2836,SHSE.600510
2837,SHSE.600511
2838,SHSE.600512
2839,SHSE.600513
2840,SHSE.600515
2841,SHSE.600516
2842,SHSE.600517
2843,SHSE.600518
2844,SHSE.600519
2845,SHSE.600520
2846,SHSE.600521
2847,SHSE.600522
2848,SHSE.600523
2849,SHSE.600525
2850,SHSE.600526
2851,SHSE.600527
2852,SHSE.600528
2853,SHSE.600529
2854,SHSE.600530
2855,SHSE.600531
2856,SHSE.600532
2857,SHSE.600533
2858,SHSE.600535
2859,SHSE.600536
2860,SHSE.600537
2861,SHSE.600538
2862,SHSE.600539
2863,SHSE.600540
2864,SHSE.600543
2865,SHSE.600545
2866,SHSE.600546
2867,SHSE.600547
2868,SHSE.600548
2869,SHSE.600549
2870,SHSE.600550
2871,SHSE.600551
2872,SHSE.600552
2873,SHSE.600555
2874,SHSE.600556
2875,SHSE.600557
2876,SHSE.600558
2877,SHSE.600559
2878,SHSE.600560
2879,SHSE.600561
2880,SHSE.600562
2881,SHSE.600563
2882,SHSE.600565
2883,SHSE.600566
2884,SHSE.600567
2885,SHSE.600568
2886,SHSE.600569
2887,SHSE.600570
2888,SHSE.600571
2889,SHSE.600572
2890,SHSE.600573
2891,SHSE.600575
2892,SHSE.600576
2893,SHSE.600577
2894,SHSE.600578
2895,SHSE.600579
2896,SHSE.600580
2897,SHSE.600581
2898,SHSE.600582
2899,SHSE.600583
2900,SHSE.600584
2901,SHSE.600585
2902,SHSE.600586
2903,SHSE.600587
2904,SHSE.600588
2905,SHSE.600589
2906,SHSE.600590
2907,SHSE.600592
2908,SHSE.600593
2909,SHSE.600594
2910,SHSE.600595
2911,SHSE.600596
2912,SHSE.600597
2913,SHSE.600598
2914,SHSE.600599
2915,SHSE.600600
2916,SHSE.600601
2917,SHSE.600602
2918,SHSE.600603
2919,SHSE.600604
2920,SHSE.600605
2921,SHSE.600606
2922,SHSE.600608
2923,SHSE.600609
2924,SHSE.600610
2925,SHSE.600611
2926,SHSE.600612
2927,SHSE.600613
2928,SHSE.600614
2929,SHSE.600615
2930,SHSE.600616
2931,SHSE.600617
2932,SHSE.600618
2933,SHSE.600619
2934,SHSE.600620
2935,SHSE.600621
2936,SHSE.600622
2937,SHSE.600623
2938,SHSE.600624
2939,SHSE.600626
2940,SHSE.600628
2941,SHSE.600629
2942,SHSE.600630
2943,SHSE.600633
2944,SHSE.600634
2945,SHSE.600635
2946,SHSE.600636
2947,SHSE.600637
2948,SHSE.600638
2949,SHSE.600639
2950,SHSE.600640
2951,SHSE.600641
2952,SHSE.600642
2953,SHSE.600643
2954,SHSE.600644
2955,SHSE.600645
2956,SHSE.600647
2957,SHSE.600648
2958,SHSE.600649
2959,SHSE.600650
2960,SHSE.600651
2961,SHSE.600652
2962,SHSE.600653
2963,SHSE.600654
2964,SHSE.600655
2965,SHSE.600657
2966,SHSE.600658
2967,SHSE.600660
2968,SHSE.600661
2969,SHSE.600662
2970,SHSE.600663
2971,SHSE.600664
2972,SHSE.600665
2973,SHSE.600666
2974,SHSE.600667
2975,SHSE.600668
2976,SHSE.600671
2977,SHSE.600673
2978,SHSE.600674
2979,SHSE.600675
2980,SHSE.600676
2981,SHSE.600677
2982,SHSE.600678
2983,SHSE.600679
2984,SHSE.600680
2985,SHSE.600681
2986,SHSE.600682
2987,SHSE.600683
2988,SHSE.600684
2989,SHSE.600685
2990,SHSE.600686
2991,SHSE.600687
2992,SHSE.600688
2993,SHSE.600689
2994,SHSE.600690
2995,SHSE.600691
2996,SHSE.600692
2997,SHSE.600693
2998,SHSE.600694
2999,SHSE.600695
3000,SHSE.600696
3001,SHSE.600697
3002,SHSE.600698
3003,SHSE.600699
3004,SHSE.600701
3005,SHSE.600702
3006,SHSE.600703
3007,SHSE.600704
3008,SHSE.600705
3009,SHSE.600706
3010,SHSE.600707
3011,SHSE.600708
3012,SHSE.600710
3013,SHSE.600711
3014,SHSE.600712
3015,SHSE.600713
3016,SHSE.600714
3017,SHSE.600715
3018,SHSE.600716
3019,SHSE.600717
3020,SHSE.600718
3021,SHSE.600719
3022,SHSE.600720
3023,SHSE.600721
3024,SHSE.600722
3025,SHSE.600723
3026,SHSE.600724
3027,SHSE.600725
3028,SHSE.600726
3029,SHSE.600727
3030,SHSE.600728
3031,SHSE.600729
3032,SHSE.600730
3033,SHSE.600731
3034,SHSE.600732
3035,SHSE.600733
3036,SHSE.600734
3037,SHSE.600735
3038,SHSE.600736
3039,SHSE.600737
3040,SHSE.600738
3041,SHSE.600739
3042,SHSE.600740
3043,SHSE.600741
3044,SHSE.600742
3045,SHSE.600743
3046,SHSE.600744
3047,SHSE.600745
3048,SHSE.600746
3049,SHSE.600747
3050,SHSE.600748
3051,SHSE.600749
3052,SHSE.600750
3053,SHSE.600751
3054,SHSE.600753
3055,SHSE.600754
3056,SHSE.600755
3057,SHSE.600756
3058,SHSE.600757
3059,SHSE.600758
3060,SHSE.600759
3061,SHSE.600760
3062,SHSE.600761
3063,SHSE.600763
3064,SHSE.600764
3065,SHSE.600765
3066,SHSE.600766
3067,SHSE.600767
3068,SHSE.600768
3069,SHSE.600769
3070,SHSE.600770
3071,SHSE.600771
3072,SHSE.600773
3073,SHSE.600774
3074,SHSE.600775
3075,SHSE.600776
3076,SHSE.600777
3077,SHSE.600778
3078,SHSE.600779
3079,SHSE.600780
3080,SHSE.600781
3081,SHSE.600782
3082,SHSE.600783
3083,SHSE.600784
3084,SHSE.600785
3085,SHSE.600787
3086,SHSE.600789
3087,SHSE.600790
3088,SHSE.600791
3089,SHSE.600792
3090,SHSE.600793
3091,SHSE.600794
3092,SHSE.600795
3093,SHSE.600796
3094,SHSE.600797
3095,SHSE.600798
3096,SHSE.600800
3097,SHSE.600801
3098,SHSE.600802
3099,SHSE.600803
3100,SHSE.600804
3101,SHSE.600805
3102,SHSE.600806
3103,SHSE.600807
3104,SHSE.600808
3105,SHSE.600809
3106,SHSE.600810
3107,SHSE.600811
3108,SHSE.600812
3109,SHSE.600814
3110,SHSE.600815
3111,SHSE.600816
3112,SHSE.600817
3113,SHSE.600818
3114,SHSE.600819
3115,SHSE.600820
3116,SHSE.600821
3117,SHSE.600822
3118,SHSE.600823
3119,SHSE.600824
3120,SHSE.600825
3121,SHSE.600826
3122,SHSE.600827
3123,SHSE.600828
3124,SHSE.600829
3125,SHSE.600830
3126,SHSE.600831
3127,SHSE.600833
3128,SHSE.600834
3129,SHSE.600835
3130,SHSE.600836
3131,SHSE.600837
3132,SHSE.600838
3133,SHSE.600839
3134,SHSE.600841
3135,SHSE.600843
3136,SHSE.600844
3137,SHSE.600845
3138,SHSE.600846
3139,SHSE.600847
3140,SHSE.600848
3141,SHSE.600850
3142,SHSE.600851
3143,SHSE.600853
3144,SHSE.600854
3145,SHSE.600855
3146,SHSE.600856
3147,SHSE.600857
3148,SHSE.600858
3149,SHSE.600859
3150,SHSE.600860
3151,SHSE.600861
3152,SHSE.600862
3153,SHSE.600863
3154,SHSE.600864
3155,SHSE.600865
3156,SHSE.600866
3157,SHSE.600867
3158,SHSE.600868
3159,SHSE.600869
3160,SHSE.600870
3161,SHSE.600871
3162,SHSE.600872
3163,SHSE.600873
3164,SHSE.600874
3165,SHSE.600875
3166,SHSE.600876
3167,SHSE.600877
3168,SHSE.600879
3169,SHSE.600880
3170,SHSE.600881
3171,SHSE.600882
3172,SHSE.600883
3173,SHSE.600884
3174,SHSE.600885
3175,SHSE.600886
3176,SHSE.600887
3177,SHSE.600888
3178,SHSE.600889
3179,SHSE.600890
3180,SHSE.600891
3181,SHSE.600892
3182,SHSE.600893
3183,SHSE.600894
3184,SHSE.600895
3185,SHSE.600896
3186,SHSE.600897
3187,SHSE.600898
3188,SHSE.600900
3189,SHSE.600901
3190,SHSE.600903
3191,SHSE.600908
3192,SHSE.600909
3193,SHSE.600917
3194,SHSE.600918
3195,SHSE.600919
3196,SHSE.600926
3197,SHSE.600928
3198,SHSE.600929
3199,SHSE.600933
3200,SHSE.600936
3201,SHSE.600939
3202,SHSE.600956
3203,SHSE.600958
3204,SHSE.600959
3205,SHSE.600960
3206,SHSE.600961
3207,SHSE.600962
3208,SHSE.600963
3209,SHSE.600965
3210,SHSE.600966
3211,SHSE.600967
3212,SHSE.600968
3213,SHSE.600969
3214,SHSE.600970
3215,SHSE.600971
3216,SHSE.600973
3217,SHSE.600975
3218,SHSE.600976
3219,SHSE.600977
3220,SHSE.600978
3221,SHSE.600979
3222,SHSE.600980
3223,SHSE.600981
3224,SHSE.600982
3225,SHSE.600983
3226,SHSE.600984
3227,SHSE.600985
3228,SHSE.600986
3229,SHSE.600987
3230,SHSE.600988
3231,SHSE.600989
3232,SHSE.600990
3233,SHSE.600992
3234,SHSE.600993
3235,SHSE.600995
3236,SHSE.600996
3237,SHSE.600997
3238,SHSE.600998
3239,SHSE.600999
3240,SHSE.601000
3241,SHSE.601001
3242,SHSE.601002
3243,SHSE.601003
3244,SHSE.601005
3245,SHSE.601006
3246,SHSE.601007
3247,SHSE.601008
3248,SHSE.601009
3249,SHSE.601010
3250,SHSE.601011
3251,SHSE.601012
3252,SHSE.601015
3253,SHSE.601016
3254,SHSE.601018
3255,SHSE.601019
3256,SHSE.601020
3257,SHSE.601021
3258,SHSE.601028
3259,SHSE.601038
3260,SHSE.601058
3261,SHSE.601066
3262,SHSE.601068
3263,SHSE.601069
3264,SHSE.601077
3265,SHSE.601086
3266,SHSE.601088
3267,SHSE.601098
3268,SHSE.601099
3269,SHSE.601100
3270,SHSE.601101
3271,SHSE.601106
3272,SHSE.601107
3273,SHSE.601108
3274,SHSE.601111
3275,SHSE.601113
3276,SHSE.601116
3277,SHSE.601117
3278,SHSE.601118
3279,SHSE.601126
3280,SHSE.601127
3281,SHSE.601128
3282,SHSE.601137
3283,SHSE.601138
3284,SHSE.601139
3285,SHSE.601155
3286,SHSE.601158
3287,SHSE.601162
3288,SHSE.601163
3289,SHSE.601166
3290,SHSE.601168
3291,SHSE.601169
3292,SHSE.601177
3293,SHSE.601179
3294,SHSE.601186
3295,SHSE.601187
3296,SHSE.601188
3297,SHSE.601198
3298,SHSE.601199
3299,SHSE.601200
3300,SHSE.601208
3301,SHSE.601211
3302,SHSE.601212
3303,SHSE.601216
3304,SHSE.601218
3305,SHSE.601222
3306,SHSE.601225
3307,SHSE.601226
3308,SHSE.601228
3309,SHSE.601229
3310,SHSE.601231
3311,SHSE.601233
3312,SHSE.601236
3313,SHSE.601238
3314,SHSE.601258
3315,SHSE.601288
3316,SHSE.601298
3317,SHSE.601311
3318,SHSE.601318
3319,SHSE.601319
3320,SHSE.601326
3321,SHSE.601328
3322,SHSE.601330
3323,SHSE.601333
3324,SHSE.601336
3325,SHSE.601339
3326,SHSE.601360
3327,SHSE.601366
3328,SHSE.601368
3329,SHSE.601369
3330,SHSE.601375
3331,SHSE.601377
3332,SHSE.601388
3333,SHSE.601390
3334,SHSE.601398
3335,SHSE.601399
3336,SHSE.601456
3337,SHSE.601500
3338,SHSE.601512
3339,SHSE.601515
3340,SHSE.601518
3341,SHSE.601519
3342,SHSE.601555
3343,SHSE.601558
3344,SHSE.601566
3345,SHSE.601567
3346,SHSE.601568
3347,SHSE.601577
3348,SHSE.601579
3349,SHSE.601588
3350,SHSE.601595
3351,SHSE.601598
3352,SHSE.601599
3353,SHSE.601600
3354,SHSE.601601
3355,SHSE.601606
3356,SHSE.601607
3357,SHSE.601608
3358,SHSE.601609
3359,SHSE.601611
3360,SHSE.601615
3361,SHSE.601616
3362,SHSE.601618
3363,SHSE.601619
3364,SHSE.601628
3365,SHSE.601633
3366,SHSE.601636
3367,SHSE.601658
3368,SHSE.601666
3369,SHSE.601668
3370,SHSE.601669
3371,SHSE.601677
3372,SHSE.601678
3373,SHSE.601686
3374,SHSE.601688
3375,SHSE.601689
3376,SHSE.601696
3377,SHSE.601698
3378,SHSE.601699
3379,SHSE.601700
3380,SHSE.601702
3381,SHSE.601717
3382,SHSE.601718
3383,SHSE.601727
3384,SHSE.601766
3385,SHSE.601777
3386,SHSE.601778
3387,SHSE.601788
3388,SHSE.601789
3389,SHSE.601798
3390,SHSE.601799
3391,SHSE.601800
3392,SHSE.601801
3393,SHSE.601808
3394,SHSE.601811
3395,SHSE.601816
3396,SHSE.601818
3397,SHSE.601827
3398,SHSE.601828
3399,SHSE.601838
3400,SHSE.601857
3401,SHSE.601858
3402,SHSE.601860
3403,SHSE.601865
3404,SHSE.601866
3405,SHSE.601869
3406,SHSE.601872
3407,SHSE.601877
3408,SHSE.601878
3409,SHSE.601880
3410,SHSE.601881
3411,SHSE.601882
3412,SHSE.601886
3413,SHSE.601888
3414,SHSE.601890
3415,SHSE.601898
3416,SHSE.601899
3417,SHSE.601900
3418,SHSE.601901
3419,SHSE.601908
3420,SHSE.601916
3421,SHSE.601918
3422,SHSE.601919
3423,SHSE.601928
3424,SHSE.601929
3425,SHSE.601933
3426,SHSE.601939
3427,SHSE.601949
3428,SHSE.601952
3429,SHSE.601956
3430,SHSE.601958
3431,SHSE.601965
3432,SHSE.601966
3433,SHSE.601968
3434,SHSE.601969
3435,SHSE.601975
3436,SHSE.601985
3437,SHSE.601988
3438,SHSE.601989
3439,SHSE.601990
3440,SHSE.601991
3441,SHSE.601992
3442,SHSE.601995
3443,SHSE.601996
3444,SHSE.601997
3445,SHSE.601998
3446,SHSE.601999
3447,SHSE.603000
3448,SHSE.603001
3449,SHSE.603002
3450,SHSE.603003
3451,SHSE.603005
3452,SHSE.603006
3453,SHSE.603007
3454,SHSE.603008
3455,SHSE.603009
3456,SHSE.603010
3457,SHSE.603011
3458,SHSE.603012
3459,SHSE.603013
3460,SHSE.603015
3461,SHSE.603016
3462,SHSE.603017
3463,SHSE.603018
3464,SHSE.603019
3465,SHSE.603020
3466,SHSE.603021
3467,SHSE.603022
3468,SHSE.603023
3469,SHSE.603025
3470,SHSE.603026
3471,SHSE.603027
3472,SHSE.603028
3473,SHSE.603029
3474,SHSE.603030
3475,SHSE.603031
3476,SHSE.603032
3477,SHSE.603033
3478,SHSE.603035
3479,SHSE.603036
3480,SHSE.603037
3481,SHSE.603038
3482,SHSE.603039
3483,SHSE.603040
3484,SHSE.603041
3485,SHSE.603042
3486,SHSE.603043
3487,SHSE.603045
3488,SHSE.603050
3489,SHSE.603053
3490,SHSE.603055
3491,SHSE.603056
3492,SHSE.603058
3493,SHSE.603059
3494,SHSE.603060
3495,SHSE.603063
3496,SHSE.603066
3497,SHSE.603067
3498,SHSE.603068
3499,SHSE.603069
3500,SHSE.603076
3501,SHSE.603077
3502,SHSE.603078
3503,SHSE.603079
3504,SHSE.603080
3505,SHSE.603081
3506,SHSE.603083
3507,SHSE.603085
3508,SHSE.603086
3509,SHSE.603087
3510,SHSE.603088
3511,SHSE.603089
3512,SHSE.603090
3513,SHSE.603093
3514,SHSE.603095
3515,SHSE.603096
3516,SHSE.603098
3517,SHSE.603099
3518,SHSE.603100
3519,SHSE.603101
3520,SHSE.603103
3521,SHSE.603105
3522,SHSE.603106
3523,SHSE.603108
3524,SHSE.603109
3525,SHSE.603110
3526,SHSE.603111
3527,SHSE.603112
3528,SHSE.603113
3529,SHSE.603115
3530,SHSE.603116
3531,SHSE.603117
3532,SHSE.603118
3533,SHSE.603121
3534,SHSE.603123
3535,SHSE.603126
3536,SHSE.603127
3537,SHSE.603128
3538,SHSE.603129
3539,SHSE.603131
3540,SHSE.603133
3541,SHSE.603136
3542,SHSE.603138
3543,SHSE.603139
3544,SHSE.603155
3545,SHSE.603156
3546,SHSE.603157
3547,SHSE.603158
3548,SHSE.603159
3549,SHSE.603160
3550,SHSE.603161
3551,SHSE.603165
3552,SHSE.603166
3553,SHSE.603167
3554,SHSE.603168
3555,SHSE.603169
3556,SHSE.603177
3557,SHSE.603178
3558,SHSE.603179
3559,SHSE.603180
3560,SHSE.603181
3561,SHSE.603183
3562,SHSE.603185
3563,SHSE.603186
3564,SHSE.603187
3565,SHSE.603188
3566,SHSE.603189
3567,SHSE.603192
3568,SHSE.603195
3569,SHSE.603196
3570,SHSE.603197
3571,SHSE.603198
3572,SHSE.603199
3573,SHSE.603200
3574,SHSE.603203
3575,SHSE.603208
3576,SHSE.603212
3577,SHSE.603214
3578,SHSE.603217
3579,SHSE.603218
3580,SHSE.603220
3581,SHSE.603221
3582,SHSE.603222
3583,SHSE.603223
3584,SHSE.603225
3585,SHSE.603226
3586,SHSE.603227
3587,SHSE.603228
3588,SHSE.603229
3589,SHSE.603232
3590,SHSE.603233
3591,SHSE.603236
3592,SHSE.603238
3593,SHSE.603239
3594,SHSE.603256
3595,SHSE.603258
3596,SHSE.603259
3597,SHSE.603260
3598,SHSE.603266
3599,SHSE.603267
3600,SHSE.603268
3601,SHSE.603269
3602,SHSE.603277
3603,SHSE.603278
3604,SHSE.603279
3605,SHSE.603283
3606,SHSE.603286
3607,SHSE.603288
3608,SHSE.603289
3609,SHSE.603290
3610,SHSE.603297
3611,SHSE.603298
3612,SHSE.603299
3613,SHSE.603300
3614,SHSE.603301
3615,SHSE.603303
3616,SHSE.603305
3617,SHSE.603306
3618,SHSE.603308
3619,SHSE.603309
3620,SHSE.603311
3621,SHSE.603313
3622,SHSE.603315
3623,SHSE.603316
3624,SHSE.603317
3625,SHSE.603318
3626,SHSE.603319
3627,SHSE.603320
3628,SHSE.603321
3629,SHSE.603322
3630,SHSE.603323
3631,SHSE.603326
3632,SHSE.603327
3633,SHSE.603328
3634,SHSE.603329
3635,SHSE.603330
3636,SHSE.603331
3637,SHSE.603332
3638,SHSE.603333
3639,SHSE.603335
3640,SHSE.603336
3641,SHSE.603337
3642,SHSE.603338
3643,SHSE.603339
3644,SHSE.603345
3645,SHSE.603348
3646,SHSE.603351
3647,SHSE.603353
3648,SHSE.603355
3649,SHSE.603356
3650,SHSE.603357
3651,SHSE.603358
3652,SHSE.603359
3653,SHSE.603360
3654,SHSE.603363
3655,SHSE.603365
3656,SHSE.603366
3657,SHSE.603367
3658,SHSE.603368
3659,SHSE.603369
3660,SHSE.603377
3661,SHSE.603378
3662,SHSE.603379
3663,SHSE.603380
3664,SHSE.603383
3665,SHSE.603385
3666,SHSE.603386
3667,SHSE.603387
3668,SHSE.603388
3669,SHSE.603389
3670,SHSE.603390
3671,SHSE.603392
3672,SHSE.603393
3673,SHSE.603396
3674,SHSE.603398
3675,SHSE.603399
3676,SHSE.603408
3677,SHSE.603416
3678,SHSE.603421
3679,SHSE.603429
3680,SHSE.603439
3681,SHSE.603444
3682,SHSE.603456
3683,SHSE.603458
3684,SHSE.603466
3685,SHSE.603477
3686,SHSE.603486
3687,SHSE.603488
3688,SHSE.603489
3689,SHSE.603496
3690,SHSE.603499
3691,SHSE.603500
3692,SHSE.603501
3693,SHSE.603505
3694,SHSE.603506
3695,SHSE.603507
3696,SHSE.603508
3697,SHSE.603515
3698,SHSE.603516
3699,SHSE.603517
3700,SHSE.603518
3701,SHSE.603519
3702,SHSE.603520
3703,SHSE.603527
3704,SHSE.603528
3705,SHSE.603530
3706,SHSE.603533
3707,SHSE.603535
3708,SHSE.603536
3709,SHSE.603538
3710,SHSE.603551
3711,SHSE.603555
3712,SHSE.603556
3713,SHSE.603557
3714,SHSE.603558
3715,SHSE.603559
3716,SHSE.603565
3717,SHSE.603566
3718,SHSE.603567
3719,SHSE.603568
3720,SHSE.603569
3721,SHSE.603577
3722,SHSE.603578
3723,SHSE.603579
3724,SHSE.603580
3725,SHSE.603583
3726,SHSE.603585
3727,SHSE.603586
3728,SHSE.603587
3729,SHSE.603588
3730,SHSE.603589
3731,SHSE.603590
3732,SHSE.603595
3733,SHSE.603596
3734,SHSE.603598
3735,SHSE.603599
3736,SHSE.603600
3737,SHSE.603601
3738,SHSE.603602
3739,SHSE.603603
3740,SHSE.603605
3741,SHSE.603606
3742,SHSE.603607
3743,SHSE.603608
3744,SHSE.603609
3745,SHSE.603610
3746,SHSE.603611
3747,SHSE.603612
3748,SHSE.603613
3749,SHSE.603615
3750,SHSE.603616
3751,SHSE.603617
3752,SHSE.603618
3753,SHSE.603619
3754,SHSE.603626
3755,SHSE.603628
3756,SHSE.603629
3757,SHSE.603630
3758,SHSE.603633
3759,SHSE.603636
3760,SHSE.603637
3761,SHSE.603638
3762,SHSE.603639
3763,SHSE.603648
3764,SHSE.603650
3765,SHSE.603655
3766,SHSE.603656
3767,SHSE.603657
3768,SHSE.603658
3769,SHSE.603659
3770,SHSE.603660
3771,SHSE.603661
3772,SHSE.603662
3773,SHSE.603663
3774,SHSE.603665
3775,SHSE.603666
3776,SHSE.603667
3777,SHSE.603668
3778,SHSE.603669
3779,SHSE.603676
3780,SHSE.603677
3781,SHSE.603678
3782,SHSE.603679
3783,SHSE.603680
3784,SHSE.603681
3785,SHSE.603682
3786,SHSE.603683
3787,SHSE.603685
3788,SHSE.603686
3789,SHSE.603687
3790,SHSE.603688
3791,SHSE.603689
3792,SHSE.603690
3793,SHSE.603693
3794,SHSE.603696
3795,SHSE.603697
3796,SHSE.603698
3797,SHSE.603699
3798,SHSE.603700
3799,SHSE.603701
3800,SHSE.603703
3801,SHSE.603706
3802,SHSE.603707
3803,SHSE.603708
3804,SHSE.603709
3805,SHSE.603711
3806,SHSE.603712
3807,SHSE.603713
3808,SHSE.603716
3809,SHSE.603717
3810,SHSE.603718
3811,SHSE.603719
3812,SHSE.603721
3813,SHSE.603722
3814,SHSE.603725
3815,SHSE.603726
3816,SHSE.603727
3817,SHSE.603728
3818,SHSE.603729
3819,SHSE.603730
3820,SHSE.603733
3821,SHSE.603737
3822,SHSE.603738
3823,SHSE.603739
3824,SHSE.603755
3825,SHSE.603757
3826,SHSE.603758
3827,SHSE.603766
3828,SHSE.603767
3829,SHSE.603768
3830,SHSE.603773
3831,SHSE.603776
3832,SHSE.603777
3833,SHSE.603778
3834,SHSE.603779
3835,SHSE.603786
3836,SHSE.603787
3837,SHSE.603788
3838,SHSE.603789
3839,SHSE.603790
3840,SHSE.603797
3841,SHSE.603798
3842,SHSE.603799
3843,SHSE.603800
3844,SHSE.603801
3845,SHSE.603803
3846,SHSE.603806
3847,SHSE.603808
3848,SHSE.603809
3849,SHSE.603810
3850,SHSE.603811
3851,SHSE.603813
3852,SHSE.603815
3853,SHSE.603816
3854,SHSE.603817
3855,SHSE.603818
3856,SHSE.603819
3857,SHSE.603822
3858,SHSE.603823
3859,SHSE.603825
3860,SHSE.603826
3861,SHSE.603828
3862,SHSE.603829
3863,SHSE.603833
3864,SHSE.603838
3865,SHSE.603839
3866,SHSE.603843
3867,SHSE.603848
3868,SHSE.603855
3869,SHSE.603856
3870,SHSE.603858
3871,SHSE.603859
3872,SHSE.603860
3873,SHSE.603861
3874,SHSE.603863
3875,SHSE.603866
3876,SHSE.603867
3877,SHSE.603868
3878,SHSE.603869
3879,SHSE.603871
3880,SHSE.603876
3881,SHSE.603877
3882,SHSE.603878
3883,SHSE.603879
3884,SHSE.603880
3885,SHSE.603881
3886,SHSE.603882
3887,SHSE.603883
3888,SHSE.603885
3889,SHSE.603886
3890,SHSE.603887
3891,SHSE.603888
3892,SHSE.603889
3893,SHSE.603890
3894,SHSE.603893
3895,SHSE.603895
3896,SHSE.603896
3897,SHSE.603897
3898,SHSE.603898
3899,SHSE.603899
3900,SHSE.603900
3901,SHSE.603901
3902,SHSE.603903
3903,SHSE.603906
3904,SHSE.603908
3905,SHSE.603909
3906,SHSE.603912
3907,SHSE.603915
3908,SHSE.603916
3909,SHSE.603917
3910,SHSE.603918
3911,SHSE.603919
3912,SHSE.603920
3913,SHSE.603922
3914,SHSE.603926
3915,SHSE.603927
3916,SHSE.603928
3917,SHSE.603929
3918,SHSE.603931
3919,SHSE.603933
3920,SHSE.603936
3921,SHSE.603937
3922,SHSE.603938
3923,SHSE.603939
3924,SHSE.603948
3925,SHSE.603949
3926,SHSE.603950
3927,SHSE.603955
3928,SHSE.603956
3929,SHSE.603958
3930,SHSE.603959
3931,SHSE.603960
3932,SHSE.603963
3933,SHSE.603966
3934,SHSE.603967
3935,SHSE.603968
3936,SHSE.603969
3937,SHSE.603970
3938,SHSE.603976
3939,SHSE.603977
3940,SHSE.603978
3941,SHSE.603979
3942,SHSE.603980
3943,SHSE.603982
3944,SHSE.603983
3945,SHSE.603985
3946,SHSE.603986
3947,SHSE.603987
3948,SHSE.603988
3949,SHSE.603989
3950,SHSE.603990
3951,SHSE.603991
3952,SHSE.603992
3953,SHSE.603993
3954,SHSE.603995
3955,SHSE.603996
3956,SHSE.603997
3957,SHSE.603998
3958,SHSE.603999
3959,SHSE.605001
3960,SHSE.605003
3961,SHSE.605006
3962,SHSE.605007
3963,SHSE.605008
3964,SHSE.605009
3965,SHSE.605018
3966,SHSE.605050
3967,SHSE.605058
3968,SHSE.605066
3969,SHSE.605068
3970,SHSE.605088
3971,SHSE.605099
3972,SHSE.605100
3973,SHSE.605108
3974,SHSE.605111
3975,SHSE.605116
3976,SHSE.605118
3977,SHSE.605123
3978,SHSE.605128
3979,SHSE.605136
3980,SHSE.605151
3981,SHSE.605155
3982,SHSE.605158
3983,SHSE.605166
3984,SHSE.605168
3985,SHSE.605169
3986,SHSE.605177
3987,SHSE.605178
3988,SHSE.605179
3989,SHSE.605183
3990,SHSE.605186
3991,SHSE.605188
3992,SHSE.605198
3993,SHSE.605199
3994,SHSE.605218
3995,SHSE.605222
3996,SHSE.605255
3997,SHSE.605258
3998,SHSE.605266
3999,SHSE.605277
4000,SHSE.605288
4001,SHSE.605299
4002,SHSE.605318
4003,SHSE.605333
4004,SHSE.605336
4005,SHSE.605338
4006,SHSE.605358
4007,SHSE.605366
4008,SHSE.605369
4009,SHSE.605376
4010,SHSE.605377
4011,SHSE.605388
4012,SHSE.605399
4013,SHSE.605500
4014,SHSE.688001
4015,SHSE.688002
4016,SHSE.688003
4017,SHSE.688004
4018,SHSE.688005
4019,SHSE.688006
4020,SHSE.688007
4021,SHSE.688008
4022,SHSE.688009
4023,SHSE.688010
4024,SHSE.688011
4025,SHSE.688012
4026,SHSE.688013
4027,SHSE.688015
4028,SHSE.688016
4029,SHSE.688017
4030,SHSE.688018
4031,SHSE.688019
4032,SHSE.688020
4033,SHSE.688021
4034,SHSE.688022
4035,SHSE.688023
4036,SHSE.688025
4037,SHSE.688026
4038,SHSE.688027
4039,SHSE.688028
4040,SHSE.688029
4041,SHSE.688030
4042,SHSE.688033
4043,SHSE.688036
4044,SHSE.688037
4045,SHSE.688039
4046,SHSE.688050
4047,SHSE.688051
4048,SHSE.688055
4049,SHSE.688056
4050,SHSE.688057
4051,SHSE.688058
4052,SHSE.688060
4053,SHSE.688063
4054,SHSE.688065
4055,SHSE.688066
4056,SHSE.688068
4057,SHSE.688069
4058,SHSE.688077
4059,SHSE.688078
4060,SHSE.688080
4061,SHSE.688081
4062,SHSE.688085
4063,SHSE.688086
4064,SHSE.688088
4065,SHSE.688089
4066,SHSE.688090
4067,SHSE.688093
4068,SHSE.688095
4069,SHSE.688096
4070,SHSE.688098
4071,SHSE.688099
4072,SHSE.688100
4073,SHSE.688101
4074,SHSE.688106
4075,SHSE.688108
4076,SHSE.688111
4077,SHSE.688116
4078,SHSE.688118
4079,SHSE.688122
4080,SHSE.688123
4081,SHSE.688126
4082,SHSE.688127
4083,SHSE.688128
4084,SHSE.688129
4085,SHSE.688133
4086,SHSE.688135
4087,SHSE.688136
4088,SHSE.688138
4089,SHSE.688139
4090,SHSE.688155
4091,SHSE.688156
4092,SHSE.688157
4093,SHSE.688158
4094,SHSE.688159
4095,SHSE.688160
4096,SHSE.688165
4097,SHSE.688166
4098,SHSE.688168
4099,SHSE.688169
4100,SHSE.688177
4101,SHSE.688178
4102,SHSE.688179
4103,SHSE.688180
4104,SHSE.688181
4105,SHSE.688185
4106,SHSE.688186
4107,SHSE.688188
4108,SHSE.688189
4109,SHSE.688196
4110,SHSE.688198
4111,SHSE.688199
4112,SHSE.688200
4113,SHSE.688202
4114,SHSE.688208
4115,SHSE.688215
4116,SHSE.688218
4117,SHSE.688219
4118,SHSE.688221
4119,SHSE.688222
4120,SHSE.688228
4121,SHSE.688229
4122,SHSE.688233
4123,SHSE.688256
4124,SHSE.688258
4125,SHSE.688266
4126,SHSE.688268
4127,SHSE.688277
4128,SHSE.688278
4129,SHSE.688286
4130,SHSE.688288
4131,SHSE.688289
4132,SHSE.688298
4133,SHSE.688299
4134,SHSE.688300
4135,SHSE.688301
4136,SHSE.688308
4137,SHSE.688309
4138,SHSE.688310
4139,SHSE.688311
4140,SHSE.688312
4141,SHSE.688313
4142,SHSE.688318
4143,SHSE.688321
4144,SHSE.688330
4145,SHSE.688333
4146,SHSE.688335
4147,SHSE.688336
4148,SHSE.688338
4149,SHSE.688339
4150,SHSE.688356
4151,SHSE.688357
4152,SHSE.688358
4153,SHSE.688360
4154,SHSE.688363
4155,SHSE.688365
4156,SHSE.688366
4157,SHSE.688368
4158,SHSE.688369
4159,SHSE.688377
4160,SHSE.688378
4161,SHSE.688379
4162,SHSE.688386
4163,SHSE.688388
4164,SHSE.688389
4165,SHSE.688390
4166,SHSE.688393
4167,SHSE.688396
4168,SHSE.688398
4169,SHSE.688399
4170,SHSE.688408
4171,SHSE.688418
4172,SHSE.688466
4173,SHSE.688488
4174,SHSE.688500
4175,SHSE.688505
4176,SHSE.688508
4177,SHSE.688510
4178,SHSE.688513
4179,SHSE.688516
4180,SHSE.688518
4181,SHSE.688519
4182,SHSE.688520
4183,SHSE.688521
4184,SHSE.688526
4185,SHSE.688528
4186,SHSE.688529
4187,SHSE.688536
4188,SHSE.688550
4189,SHSE.688551
4190,SHSE.688555
4191,SHSE.688556
4192,SHSE.688557
4193,SHSE.688558
4194,SHSE.688559
4195,SHSE.688560
4196,SHSE.688561
4197,SHSE.688566
4198,SHSE.688567
4199,SHSE.688568
4200,SHSE.688569
4201,SHSE.688571
4202,SHSE.688577
4203,SHSE.688578
4204,SHSE.688579
4205,SHSE.688580
4206,SHSE.688585
4207,SHSE.688586
4208,SHSE.688588
4209,SHSE.688589
4210,SHSE.688590
4211,SHSE.688595
4212,SHSE.688596
4213,SHSE.688598
4214,SHSE.688599
4215,SHSE.688600
4216,SHSE.688608
4217,SHSE.688617
4218,SHSE.688618
4219,SHSE.688658
4220,SHSE.688668
4221,SHSE.688678
4222,SHSE.688679
4223,SHSE.688686
4224,SHSE.688698
4225,SHSE.688699
4226,SHSE.688777
4227,SHSE.688788
4228,SHSE.688981
4229,SHSE.900901
4230,SHSE.900902
4231,SHSE.900903
4232,SHSE.900904
4233,SHSE.900905
4234,SHSE.900906
4235,SHSE.900907
4236,SHSE.900908
4237,SHSE.900909
4238,SHSE.900910
4239,SHSE.900911
4240,SHSE.900912
4241,SHSE.900913
4242,SHSE.900914
4243,SHSE.900915
4244,SHSE.900916
4245,SHSE.900917
4246,SHSE.900918
4247,SHSE.900919
4248,SHSE.900920
4249,SHSE.900921
4250,SHSE.900922
4251,SHSE.900923
4252,SHSE.900924
4253,SHSE.900925
4254,SHSE.900926
4255,SHSE.900927
4256,SHSE.900928
4257,SHSE.900929
4258,SHSE.900930
4259,SHSE.900932
4260,SHSE.900933
4261,SHSE.900934
4262,SHSE.900936
4263,SHSE.900937
4264,SHSE.900938
4265,SHSE.900939
4266,SHSE.900940
4267,SHSE.900941
4268,SHSE.900942
4269,SHSE.900943
4270,SHSE.900945
4271,SHSE.900946
4272,SHSE.900947
4273,SHSE.900948
4274,SHSE.900951
4275,SHSE.900952
4276,SHSE.900953
4277,SHSE.900955
4278,SHSE.900956
4279,SHSE.900957
